,Naam,Aanbevolen door,Aantal stemmen,Procentueel,District,Verkiezingdatum,Type,Omvang electoraat,Opkomst,Aantal stembriefjes,Aantal stemmen geldig,Aantal stemmen blanco,Aantal zetels,Kiesdrempel,counts,won,min_stem_win,min_pct_win,margin,close_cand_5pct,close_cand_10pct,close_cand_20pct,Naam_win,Aanbevolen door_win,Aantal stemmen_win,Procentueel_win,alrdy_in_pols
1,mr. S.C.H. Piccardt,,181.0,0.251,Winschoten,30/11/1848,algemeen,1183,722,722,721.0,1,1.0,361.0,3,0,257.0,0.3564,-0.1054,0,0,1,mr. R. de Sitter,,257.0,0.3564,nee
2,mr. W.J. Mees,,133.0,0.19440000000000002,Appingedam,27/12/1848,tussentijds,1586,686,687,684.0,3,1.0,342.0,2,0,225.0,0.3289,-0.1345,0,0,1,dr. R. Westerhoff,,225.0,0.3289,nee
3,mr. D. Bonthuis,,117.0,0.1711,Appingedam,27/12/1848,tussentijds,1586,686,687,684.0,3,1.0,342.0,3,0,225.0,0.3289,-0.15780000000000002,0,0,1,dr. R. Westerhoff,,225.0,0.3289,nee
4,P.W. Wiertsema,,101.0,0.1477,Appingedam,27/12/1848,tussentijds,1586,686,687,684.0,3,1.0,342.0,4,0,225.0,0.3289,-0.18120000000000003,0,0,1,dr. R. Westerhoff,,225.0,0.3289,nee
5,W. Waalkens,,98.0,0.1433,Appingedam,27/12/1848,tussentijds,1586,686,687,684.0,3,1.0,342.0,5,0,225.0,0.3289,-0.18560000000000001,0,0,1,dr. R. Westerhoff,,225.0,0.3289,nee
20,mr. H. van Sonsbeeck,,215.0,0.44329999999999997,Enschede,30/11/1848,algemeen,532,486,487,485.0,1,1.0,243.0,2,0,261.0,0.5381,-0.09480000000000005,0,1,1,jhr. C.M. Storm van 's Gravesande,,261.0,0.5381,nee
21,mr. H. van Sonsbeeck,,186.0,0.3811,Enschede,16/12/1848,tussentijds,532,488,488,488.0,0,1.0,244.0,2,0,257.0,0.5266,-0.14549999999999996,0,0,1,mr. M.J. de Man,,257.0,0.5266,nee
24,mr. R.W. Tadema,,246.0,0.3489,Zutphen,30/11/1848,algemeen,791,708,708,705.0,3,1.0,353.0,2,0,342.0,0.4851,-0.1362,0,0,1,mr. J.R. Thorbecke,,342.0,0.4851,nee
26,J.D.C.C.W. baron van Ablaing van Giessenburg,,309.0,0.428,Amersfoort,30/11/1848,algemeen,795,725,725,722.0,3,1.0,361.0,2,0,314.0,0.4349,-0.006900000000000017,1,1,1,mr. S. van Walchren,,314.0,0.4349,nee
27,J.D.C.C.W. baron van Ablaing van Giessenburg,,278.0,0.4052,Amersfoort,07/12/1848,herstemming,795,690,690,686.0,2,1.0,343.0,2,0,408.0,0.5948,-0.1896,0,0,1,mr. S. van Walchren,,408.0,0.5948,nee
28,J.G. Dolmans,,385.0,0.3602,Ysselstein,30/11/1848,algemeen,1174,1071,1071,1069.0,2,1.0,535.0,2,0,396.0,0.3704,-0.010199999999999987,1,1,1,E.C.U. van Doorn,,396.0,0.3704,nee
36,mr. L. Luzac,,33.0,0.052000000000000005,Gouda,30/11/1848,algemeen,818,644,644,635.0,1,1.0,318.0,6,0,131.0,0.20629999999999998,-0.1543,0,0,1,mr. G.M. van der Linden,,131.0,0.20629999999999998,nee
43,A. Vogelsang,,146.0,0.2421,Ridderkerk,30/11/1848,algemeen,737,607,607,603.0,1,1.0,302.0,2,0,196.0,0.325,-0.0829,0,1,1,mr. W. Wijnaendts,,196.0,0.325,nee
44,L. Kluit,,89.0,0.1476,Ridderkerk,30/11/1848,algemeen,737,607,607,603.0,1,1.0,302.0,3,0,196.0,0.325,-0.1774,0,0,1,mr. W. Wijnaendts,,196.0,0.325,nee
45,P.J. de Raadt van Hendrik-Ido-Ambacht,,84.0,0.1393,Ridderkerk,30/11/1848,algemeen,737,607,607,603.0,1,1.0,302.0,4,0,196.0,0.325,-0.1857,0,0,1,mr. W. Wijnaendts,,196.0,0.325,nee
46,A. Vogelsang,,278.0,0.4877,Ridderkerk,09/12/1848,herstemming,737,590,590,570.0,18,1.0,285.0,2,0,292.0,0.5123,-0.024599999999999955,1,1,1,mr. W. Wijnaendts,,292.0,0.5123,nee
50,W. de la Haye,,216.0,0.48210000000000003,Sittard,30/11/1848,algemeen,596,450,451,448.0,3,1.0,224.0,2,0,221.0,0.49329999999999996,-0.011199999999999932,1,1,1,J.L.Th.A.L. baron van Scherpenzeel Heusch,,221.0,0.49329999999999996,nee
51,W. de la Haye,,210.0,0.4575,Sittard,09/12/1848,herstemming,596,464,463,459.0,3,1.0,230.0,2,0,249.0,0.5425,-0.08499999999999996,0,1,1,J.L.Th.A.L. baron van Scherpenzeel Heusch,,249.0,0.5425,nee
59,jhr. E. de Wendt Alberda van Ekenstein,,196.0,0.3106,Zuidhorn,07/04/1869,herstemming,1368,632,632,631.0,1,1.0,316.0,2,0,255.0,0.40409999999999996,-0.09349999999999997,0,1,1,mr. N. Olivier,,255.0,0.40409999999999996,nee
60,H.W. Wierda,,180.0,0.2853,Zuidhorn,07/04/1869,herstemming,1368,632,632,631.0,1,1.0,316.0,3,0,255.0,0.40409999999999996,-0.11879999999999996,0,0,1,mr. N. Olivier,,255.0,0.40409999999999996,nee
61,H.W. Wierda,,206.0,0.2841,Zuidhorn,08/06/1869,periodiek,1417,736,736,725.0,0,1.0,363.0,2,0,331.0,0.45659999999999995,-0.17249999999999993,0,0,1,mr. N. Olivier,(AH)*,331.0,0.45659999999999995,nee
62,P.W.A. Cort van der Linden,(AH)*,371.0,0.3688,Groningen,28/10/1884,algemeen,1630,1009,1009,1006.0,3,1.0,503.0,2,0,527.0,0.5239,-0.15510000000000002,0,0,1,mr. S. van Houten,(AH)*,527.0,0.5239,nee
63,J.G. Nederhoed,AR(DT),644.0,0.41119999999999995,Appingedam,12/06/1883,periodiek,3346,1582,1582,1566.0,11,1.0,783.0,2,0,836.0,0.5338,-0.1226000000000001,0,0,1,mr. D. de Ruiter Zijlker,(AH)*,836.0,0.5338,nee
64,T. Borgesius,,118.0,0.2365,Winschoten,18/07/1864,tussentijds,1175,499,499,499.0,0,1.0,250.0,2,0,182.0,0.36469999999999997,-0.12819999999999998,0,0,1,dr. W.J.A. Jonckbloet,,182.0,0.36469999999999997,nee
65,mr. W. Woldringh,,98.0,0.19640000000000002,Winschoten,18/07/1864,tussentijds,1175,499,499,499.0,0,1.0,250.0,3,0,182.0,0.36469999999999997,-0.16829999999999995,0,0,1,dr. W.J.A. Jonckbloet,,182.0,0.36469999999999997,nee
66,T. Borgesius,,216.0,0.4202,Winschoten,02/08/1864,herstemming,1175,516,516,514.0,2,1.0,257.0,2,0,298.0,0.5798,-0.15959999999999996,0,0,1,dr. W.J.A. Jonckbloet,,298.0,0.5798,nee
68,L.G. Brock,,203.0,0.15259999999999999,Winschoten,26/02/1878,tussentijds,2558,1341,1341,1330.0,3,1.0,665.0,3,0,465.0,0.3496,-0.19700000000000004,0,0,1,D. Mulder Dzn.,,465.0,0.3496,nee
71,A. Winkler Prins,,329.0,0.2562,Winschoten,01/09/1887,algemeen,2923,1293,1294,2568.0,16,2.0,642.0,3,0,475.0,0.3699,-0.11370000000000002,0,0,1,mr. H.L. Drucker,,475.0,0.3699,nee
72,jhr.mr. O.Q. van Swinderen,,299.0,0.2329,Winschoten,01/09/1887,algemeen,2923,1293,1294,2568.0,16,2.0,642.0,4,0,475.0,0.3699,-0.137,0,0,1,mr. H.L. Drucker,,475.0,0.3699,nee
73,J.G. Nederhoed,AR,285.0,0.222,Winschoten,01/09/1887,algemeen,2923,1293,1294,2568.0,16,2.0,642.0,5,0,475.0,0.3699,-0.1479,0,0,1,mr. H.L. Drucker,,475.0,0.3699,nee
74,mr. J.H. Smidt,,224.0,0.1745,Winschoten,01/09/1887,algemeen,2923,1293,1294,2568.0,16,2.0,642.0,6,0,475.0,0.3699,-0.19540000000000002,0,0,1,mr. H.L. Drucker,,475.0,0.3699,nee
93,J. Hessels Tacoma,,500.0,0.48119999999999996,Leeuwarden,12/06/1860,periodiek,2946,1052,1052,1039.0,12,1.0,520.0,2,0,520.0,0.5005,-0.019299999999999984,1,1,1,mr. J. Dirks,,520.0,0.5005,nee
94,J. Hessels Tacoma,,786.0,0.4746,Leeuwarden,30/10/1860,tussentijds,2946,1670,1670,1656.0,10,1.0,828.0,2,0,839.0,0.5065999999999999,-0.03199999999999992,1,1,1,mr. J. Dirks,,839.0,0.5065999999999999,nee
103,mr. B. Rinia van Nauta,,584.0,0.42969999999999997,Sneek,13/06/1854,periodiek,2741,1368,1368,1359.0,9,1.0,680.0,2,0,713.0,0.5246999999999999,-0.09499999999999997,0,1,1,mr. H.U. Huguenin,,713.0,0.5246999999999999,nee
114,L. Britzel,,378.0,0.4447,Sneek,12/06/1860,periodiek,2759,1076,1076,850.0,17,1.0,425.0,2,0,452.0,0.5318,-0.08710000000000007,0,1,1,mr. S. Wybenga,,452.0,0.5318,nee
116,jhr.mr. O.Q.J.J. van Swinderen,,527.0,0.32789999999999997,Sneek,14/06/1864,periodiek,2919,1617,1617,1607.0,3,1.0,804.0,2,0,705.0,0.4387,-0.11080000000000001,0,0,1,mr. S. Wybenga,,705.0,0.4387,nee
120,J. Wolbers,AR,1066.0,0.4244,Sneek,10/06/1873,periodiek,4153,2556,2556,5024.0,76,2.0,1256.0,4,0,1394.0,0.5549000000000001,-0.13050000000000006,0,0,1,mr. S. Wybenga,(AH)*,1394.0,0.5549000000000001,nee
121,J. Binkes,AR(DT/DZH),1593.0,0.4227,Sneek,08/06/1875,periodiek,4309,3781,3785,3769.0,8,1.0,1885.0,2,0,2166.0,0.5747,-0.15199999999999997,0,0,1,A. Moens,,2166.0,0.5747,nee
125,mr. W. baron van Heemstra,AR(DT),1823.0,0.4882,Sneek,14/06/1881,periodiek,4673,3761,3761,7468.0,50,2.0,1867.0,4,0,1879.0,0.5032,-0.014999999999999958,1,1,1,mr. S. Wybenga,(AH)*,1879.0,0.5032,nee
130,jhr. A. Lycklama Ã Nijeholt,AR(DT),1734.0,0.4376,Sneek,28/10/1884,algemeen,4698,3987,3987,11888.0,55,3.0,1981.0,6,0,2187.0,0.5519,-0.11429999999999996,0,0,1,A. Buma,(AH)*,2187.0,0.5519,nee
140,K. Kater,AR,1504.0,0.4105,Sneek,01/09/1887,algemeen,4816,3680,3680,7328.0,28,2.0,1832.0,6,0,2001.0,0.5461,-0.13560000000000005,0,0,1,B.H. Heldt,,2001.0,0.5461,nee
141,jhr.mr. D. de Blocq van Haersma de With,,442.0,0.4456,Dokkum,17/05/1853,algemeen,1492,994,994,992.0,1,1.0,496.0,2,0,524.0,0.5282,-0.0826,0,1,1,I.T. ter Brugghen Hugenholtz,,524.0,0.5282,nee
142,jhr. J.A. Lycklama Ã Nijeholt,,447.0,0.3907,Dokkum,25/01/1859,tussentijds,2405,1147,1148,1144.0,2,1.0,572.0,2,0,638.0,0.5577000000000001,-0.1670000000000001,0,0,1,M. Kingma Hzn.,,638.0,0.5577000000000001,nee
151,W. Reilingh,,478.0,0.2681,Dokkum,10/06/1873,periodiek,2542,1784,1784,1783.0,0,1.0,892.0,3,0,666.0,0.3735,-0.1054,0,0,1,mr. B.P. baron van Harinxma thoe Slooten,,666.0,0.3735,nee
154,mr. B.J. Gratama,AR(DT/DZH),891.0,0.4046,Dokkum,08/06/1875,periodiek,2608,2215,2215,2202.0,9,1.0,1101.0,2,0,1306.0,0.5931000000000001,-0.18850000000000006,0,0,1,mr. W.A. Bergsma,,1306.0,0.5931000000000001,nee
158,mr. B.J. Gratama,AR(DT),924.0,0.47479999999999994,Dokkum,14/06/1881,periodiek,2774,1963,1964,1946.0,13,1.0,973.0,2,0,1008.0,0.518,-0.04320000000000007,1,1,1,jhr.mr. I.F. van Humalda van Eysinga,(AH)*,1008.0,0.518,nee
162,J. de Jong,AR(DT),856.0,0.40840000000000004,Dokkum,28/10/1884,algemeen,2673,2121,2121,4192.0,46,2.0,1048.0,4,0,1172.0,0.5592,-0.1508,0,0,1,dr. E.B. Kielstra,(AH)*,1172.0,0.5592,nee
172,mr. A.J. Dijckmeester,(AH)*,657.0,0.4585,Steenwijk,12/06/1883,periodiek,1646,1434,1434,1433.0,1,1.0,717.0,2,0,772.0,0.5387,-0.08019999999999994,0,1,1,G.H. Thomassen Ã Thuessink van der Hoop,AR(DT),772.0,0.5387,nee
173,mr. A.J. Dijckmeester,(AH)*,574.0,0.4415,Steenwijk,28/10/1884,algemeen,1631,1307,1307,1300.0,6,1.0,650.0,2,0,719.0,0.5531,-0.11160000000000003,0,0,1,G.H. Thomassen Ã Thuessink van der Hoop,AR(DT),719.0,0.5531,nee
179,mr. J.C. Bijsterbos,,403.0,0.2671,Zwolle,08/06/1852,periodiek,2650,1530,1530,1509.0,14,1.0,755.0,3,0,520.0,0.3446,-0.07750000000000001,0,1,1,mr. G. Groen van Prinsterer,,520.0,0.3446,nee
210,mr. S.J. van Roijen,(AH)*,1071.0,0.4192,Zwolle,12/06/1883,periodiek,3016,2589,2589,2555.0,13,1.0,1278.0,2,0,1476.0,0.5777,-0.15849999999999997,0,0,1,A. baron van Dedem,AR(DT),1476.0,0.5777,nee
211,mr. S.J. van Roijen,(AH)*,1115.0,0.43270000000000003,Zwolle,28/10/1884,algemeen,3042,2603,2603,5154.0,46,2.0,1289.0,3,0,1442.0,0.5596,-0.12689999999999996,0,0,1,jhr.mr. T.A.J. van Asch van Wijck,AR(DT),1442.0,0.5596,nee
212,mr. D. Wicherlink,(AH)*,1111.0,0.4311,Zwolle,28/10/1884,algemeen,3042,2603,2603,5154.0,46,2.0,1289.0,4,0,1442.0,0.5596,-0.1285,0,0,1,jhr.mr. T.A.J. van Asch van Wijck,AR(DT),1442.0,0.5596,nee
213,mr. R.A. Fockema,(AH)*,1374.0,0.4706,Zwolle,15/06/1886,algemeen,3220,2952,2952,5839.0,45,2.0,1460.0,3,0,1537.0,0.5265,-0.05589999999999995,0,1,1,jhr.mr. T.A.J. van Asch van Wijck,AR(DT),1537.0,0.5265,nee
214,mr. D. Wicherlink,(AH)*,1343.0,0.46,Zwolle,15/06/1886,algemeen,3220,2952,2952,5839.0,45,2.0,1460.0,4,0,1537.0,0.5265,-0.06649999999999995,0,1,1,jhr.mr. T.A.J. van Asch van Wijck,AR(DT),1537.0,0.5265,nee
215,mr. R.A. Fockema,,1052.0,0.41759999999999997,Zwolle,01/09/1887,algemeen,3193,2550,2550,5038.0,42,2.0,1260.0,3,0,1442.0,0.5724,-0.15480000000000005,0,0,1,jhr.mr. T.A.J. van Asch van Wijck,AR(DT),1442.0,0.5724,nee
216,mr. D. Wicherlink,,1038.0,0.4121,Zwolle,01/09/1887,algemeen,3193,2550,2550,5038.0,42,2.0,1260.0,4,0,1442.0,0.5724,-0.1603,0,0,1,jhr.mr. T.A.J. van Asch van Wijck,AR(DT),1442.0,0.5724,nee
217,mr. B.G. ten Pol,,612.0,0.4608,Almelo,11/09/1850,herstemming,1412,1341,1341,1328.0,8,1.0,664.0,2,0,716.0,0.5392,-0.07840000000000003,0,1,1,dr. W.R. baron van HoÃÂ«vell,,716.0,0.5392,nee
219,S.A. van Hoogstraten,,472.0,0.3953,Almelo,13/06/1854,periodiek,1651,1199,1201,1194.0,6,1.0,597.0,2,0,664.0,0.5561,-0.16080000000000005,0,0,1,mr. M.J. de Man,,664.0,0.5561,nee
236,mr. S.J. baron van Pallandt,(AH)*,695.0,0.3465,Almelo,08/06/1875,periodiek,2281,2019,2019,2006.0,6,1.0,1003.0,2,0,858.0,0.4277,-0.08120000000000005,0,1,1,mr. J.R. Corver Hooft,DZH(DT),858.0,0.4277,nee
237,mr. S.J. baron van Pallandt,(AH)*,1021.0,0.4867,Almelo,22/06/1875,herstemming,2281,2110,2110,2098.0,11,1.0,1049.0,2,0,1077.0,0.5133,-0.026599999999999957,1,1,1,mr. J.R. Corver Hooft,DZH(AR/DT),1077.0,0.5133,nee
240,H.P. Gelderman,(AH)*,747.0,0.4213,Almelo,10/06/1879,periodiek,2285,1786,1786,1773.0,11,1.0,887.0,2,0,898.0,0.5065,-0.08519999999999994,0,1,1,mr. J.R. Corver Hooft,(DT)*,898.0,0.5065,nee
244,mr. E.J.I. van Sonsbeeck,,913.0,0.4465,Almelo,06/05/1884,tussentijds,2494,2117,2118,2045.0,9,1.0,1023.0,2,0,959.0,0.4689,-0.022399999999999975,1,1,1,mr. A. van Laer,,959.0,0.4689,nee
245,mr. E.J.I. van Sonsbeeck,,1135.0,0.49090000000000006,Almelo,20/05/1884,herstemming,2494,2333,2333,2312.0,17,1.0,1156.0,2,0,1177.0,0.5091,-0.01819999999999994,1,1,1,mr. A. van Laer,,1177.0,0.5091,nee
246,J.E. Stork,(AH)*,1018.0,0.4657,Almelo,28/10/1884,algemeen,2494,2246,2246,4372.0,106,2.0,1093.0,3,0,1084.0,0.4959,-0.030200000000000005,1,1,1,mr. A. van Laer,(AH)*,1084.0,0.4959,nee
249,J.E. Stork,,1082.0,0.46140000000000003,Almelo,11/11/1884,herstemming,2494,2360,2361,4690.0,26,2.0,1173.0,4,0,1204.0,0.5134000000000001,-0.052000000000000046,0,1,1,mr. A.H.M. van Berckel,DT(AR),1204.0,0.5134000000000001,nee
252,A.H. Jannink,(AH)*,1224.0,0.4611,Almelo,15/06/1886,algemeen,2786,2680,2680,5309.0,37,2.0,1327.0,4,0,1405.0,0.5293,-0.06819999999999998,0,1,1,mr. J.R. Corver Hooft,DT(AR),1405.0,0.5293,nee
256,mr. W.A.A.J. baron van Schimmelpenninck van der Oye,,766.0,0.4189,Deventer,22/01/1868,algemeen,2719,1841,1842,3657.0,21,2.0,914.0,3,0,1055.0,0.5770000000000001,-0.15810000000000007,0,0,1,mr. G. Dumbar,,1055.0,0.5770000000000001,nee
271,mr. B.A. Reigers,,778.0,0.345,Zutphen,30/10/1866,algemeen,2763,2292,2292,4510.0,52,2.0,1128.0,4,0,1001.0,0.4439,-0.09890000000000004,0,1,1,mr. J. Dam,,1001.0,0.4439,nee
281,jhr.mr. H.B. van Tets,,1358.0,0.488,Zutphen,05/12/1882,tussentijds,3369,2813,2813,2783.0,23,1.0,1392.0,2,0,1413.0,0.5077,-0.01970000000000005,1,1,1,mr. W.G. baron van Brantsen van de Zijp,,1413.0,0.5077,nee
282,jhr.mr. H.B. van Tets,(AH)*,1558.0,0.49810000000000004,Zutphen,12/06/1883,periodiek,3387,3146,3146,3128.0,13,1.0,1564.0,2,0,1566.0,0.5006,-0.0025000000000000022,1,1,1,mr. W.G. baron van Brantsen van de Zijp,AR(DT),1566.0,0.5006,nee
284,K.W. van Gorkom,(AH)*,1496.0,0.4886,Zutphen,28/10/1884,algemeen,3470,3098,3098,6123.0,61,2.0,1531.0,4,0,1513.0,0.49420000000000003,-0.005600000000000049,1,1,1,jhr.mr. S.M.S. de Ranitz,(AH)*,1513.0,0.49420000000000003,nee
287,mr. J.D.C. baron van Heeckeren van Kell,AR(DT),1638.0,0.4585,Zutphen,15/06/1886,algemeen,3746,3594,3594,7145.0,37,2.0,1786.0,4,0,1899.0,0.5316,-0.07309999999999994,0,1,1,J. Willink,(AH)*,1899.0,0.5316,nee
291,P.C.G. Guyot,,550.0,0.32289999999999996,Arnhem,24/09/1850,tussentijds,2361,1718,1723,3407.0,27,2.0,852.0,3,0,796.0,0.4673,-0.14440000000000003,0,0,1,mr. ÃÂ. baron van Mackay,,796.0,0.4673,nee
292,mr. G.J.C. Schneither,,457.0,0.2683,Arnhem,24/09/1850,tussentijds,2361,1718,1723,3407.0,27,2.0,852.0,4,0,796.0,0.4673,-0.199,0,0,1,mr. ÃÂ. baron van Mackay,,796.0,0.4673,nee
293,P.C.G. Guyot,,686.0,0.4329,Arnhem,08/10/1850,herstemming,2361,1608,1607,3169.0,37,2.0,792.0,3,0,884.0,0.5579,-0.12499999999999994,0,0,1,mr. ÃÂ. baron van Mackay,,884.0,0.5579,nee
294,mr. G.J.C. Schneither,,631.0,0.3982,Arnhem,08/10/1850,herstemming,2361,1608,1607,3169.0,37,2.0,792.0,4,0,884.0,0.5579,-0.15969999999999995,0,0,1,mr. ÃÂ. baron van Mackay,,884.0,0.5579,nee
296,mr. J.F. Pringle,,738.0,0.4144,Arnhem,14/06/1864,periodiek,2794,1805,1805,1781.0,19,1.0,891.0,2,0,1022.0,0.5738,-0.1594,0,0,1,mr. W. baron van Lynden,,1022.0,0.5738,nee
314,mr. R. baron van Melvil van Lynden,AR(DT),1774.0,0.48729999999999996,Arnhem,15/06/1886,algemeen,3891,3662,3663,7281.0,43,2.0,1820.0,4,0,1836.0,0.5043,-0.017000000000000015,1,1,1,W. Rooseboom,(AH)*,1836.0,0.5043,nee
319,jhr. B. van Merlen,,360.0,0.3826,Tiel,08/06/1858,periodiek,1454,943,948,941.0,5,1.0,471.0,2,0,539.0,0.5728,-0.19019999999999998,0,0,1,mr. J.M. de Kempenaer,,539.0,0.5728,nee
327,P.A.C.H.T.A. WerdmÃÂ¼ller von Elgg,,586.0,0.3986,Tiel,17/04/1877,tussentijds,3108,1493,1494,1470.0,21,1.0,735.0,2,0,759.0,0.5163,-0.11769999999999997,0,0,1,mr. W.H. de Beaufort,,759.0,0.5163,nee
332,mr. C. Pijnacker Hordijk,(AH)*,1337.0,0.47740000000000005,Tiel,28/10/1884,algemeen,3266,2825,2827,5601.0,49,2.0,1400.0,4,0,1429.0,0.5103,-0.03289999999999993,1,1,1,F.W.J. baron van Aylva van Pallandt,AR(DT),1429.0,0.5103,nee
342,S.A. van Hoogstraten,,297.0,0.16940000000000002,Amersfoort,10/06/1856,periodiek,3022,1769,1775,1753.0,9,1.0,877.0,3,0,622.0,0.35479999999999995,-0.18539999999999993,0,0,1,mr. A.W. Engelen,,622.0,0.35479999999999995,nee
349,mr. H. Verloren van Themaat,,527.0,0.4169,Amersfoort,10/06/1862,periodiek,2801,1298,1300,1264.0,13,1.0,632.0,2,0,598.0,0.4731,-0.05620000000000003,0,1,1,jhr.mr. H.A.M. van Asch van Wijck,,598.0,0.4731,nee
350,mr. H. Verloren van Themaat,,698.0,0.4177,Amersfoort,24/06/1862,herstemming,2801,1685,1687,1671.0,13,1.0,836.0,2,0,973.0,0.5822999999999999,-0.1645999999999999,0,0,1,jhr.mr. H.A.M. van Asch van Wijck,,973.0,0.5822999999999999,nee
352,J.A. Alberdingk Thijm,,446.0,0.2639,Amersfoort,13/06/1871,periodiek,2862,1702,1702,1690.0,8,1.0,845.0,2,0,760.0,0.4497,-0.18579999999999997,0,0,1,mr. E.L. baron van Hardenbroek van Lockhorst,(DT)*,760.0,0.4497,nee
359,jhr.mr. J.L.B. de Muralt,,376.0,0.29059999999999997,Utrecht,08/06/1858,periodiek,2788,1305,1305,1294.0,7,1.0,647.0,2,0,572.0,0.442,-0.15140000000000003,0,0,1,mr. N.P.J. Kien,,572.0,0.442,nee
362,mr. B.G.A. Pabst,,350.0,0.20370000000000002,Utrecht,12/06/1866,periodiek,2944,1741,1742,1718.0,1,1.0,859.0,4,0,521.0,0.30329999999999996,-0.09959999999999994,0,1,1,mr. N.P.J. Kien,,521.0,0.30329999999999996,nee
364,mr. H. Verloren van Themaat,,763.0,0.4678,Utrecht,13/11/1866,herstemming,2944,1645,1644,1631.0,8,1.0,816.0,2,0,868.0,0.5322,-0.06440000000000001,0,1,1,mr. N.P.J. Kien,,868.0,0.5322,nee
382,J.F.H. Bekhuis,,550.0,0.4192,Hilversum,09/05/1882,tussentijds,2109,1337,1337,1312.0,20,1.0,656.0,2,0,728.0,0.5549000000000001,-0.13570000000000004,0,0,1,mr. T.P. baron van Mackay,,728.0,0.5549000000000001,nee
383,jhr. P. Opperdoes Alewijn,,332.0,0.3261,Hoorn,30/11/1848,algemeen,1302,1023,1025,1018.0,3,1.0,509.0,2,0,519.0,0.5097999999999999,-0.18369999999999992,0,0,1,mr. W.J.C. van Hasselt,,519.0,0.5097999999999999,nee
384,J.C. Pilaar,,477.0,0.45299999999999996,Hoorn,14/12/1848,tussentijds,1302,1056,1056,1053.0,3,1.0,527.0,2,0,561.0,0.5328,-0.0798000000000001,0,1,1,E.T. Scheltinga Winterberg,,561.0,0.5328,nee
385,G. van Leeuwen,,438.0,0.46009999999999995,Alkmaar,30/11/1848,algemeen,1107,956,956,952.0,4,1.0,476.0,2,0,503.0,0.5284,-0.06830000000000003,0,1,1,S.A. de Moraaz,,503.0,0.5284,nee
388,jhr. P. Opperdoes Alewijn,,564.0,0.3435,Hoorn,20/04/1852,tussentijds,3430,1661,1661,1642.0,9,1.0,821.0,2,0,571.0,0.3477,-0.0041999999999999815,1,1,1,mr. A.S. van Nierop,,571.0,0.3477,nee
389,jhr. P. Opperdoes Alewijn,,763.0,0.4436,Hoorn,05/05/1852,herstemming,3430,1730,1733,1720.0,8,1.0,860.0,2,0,957.0,0.5564,-0.11280000000000001,0,0,1,mr. A.S. van Nierop,,957.0,0.5564,nee
394,mr. J.G.A. Faber,,334.0,0.23929999999999998,Hoorn,30/07/1858,tussentijds,3679,1409,1409,1396.0,4,1.0,698.0,2,0,509.0,0.36460000000000004,-0.12530000000000005,0,0,1,mr. F.A. van Hall,,509.0,0.36460000000000004,nee
407,C. Bloem,,991.0,0.4456,Hoorn,13/10/1874,tussentijds,3802,2233,2234,2224.0,2,1.0,1112.0,2,0,1034.0,0.46490000000000004,-0.01930000000000004,1,1,1,I.D. Fransen van de Putte,,1034.0,0.46490000000000004,nee
408,C. Bloem,,1395.0,0.45659999999999995,Hoorn,27/10/1874,herstemming,3802,3071,3072,3055.0,5,1.0,1528.0,2,0,1660.0,0.5434,-0.08680000000000004,0,1,1,I.D. Fransen van de Putte,,1660.0,0.5434,nee
416,J.D. van Herwerden,,446.0,0.3993,Alkmaar,12/06/1866,periodiek,3036,1126,1126,1117.0,4,1.0,559.0,2,0,593.0,0.5309,-0.13160000000000005,0,0,1,mr. N. Olivier,,593.0,0.5309,nee
424,jhr.mr. H.G.C.L. Janssens,,914.0,0.4545,Alkmaar,25/10/1870,tussentijds,3154,2020,2020,2011.0,7,1.0,1006.0,2,0,1083.0,0.5385,-0.08399999999999996,0,1,1,jhr.mr. C. van Foreest,,1083.0,0.5385,nee
429,W. Bos,(DT)*,788.0,0.2965,Alkmaar,28/10/1884,algemeen,4034,2674,2674,5316.0,24,2.0,1329.0,3,0,1167.0,0.4391,-0.1426,0,0,1,mr. J.L. de Bruyn Kops,(AH)*,1167.0,0.4391,nee
432,H.W. van Marle,AR(DT),1321.0,0.4028,Alkmaar,15/06/1886,algemeen,4243,3291,3291,6559.0,15,2.0,1640.0,4,0,1898.0,0.5787,-0.1759,0,0,1,mr. J.L. de Bruyn Kops,(AH)*,1898.0,0.5787,nee
436,jhr. M. Salvador,,132.0,0.1813,Haarlem,10/06/1862,periodiek,1262,731,732,728.0,1,1.0,364.0,4,0,225.0,0.3091,-0.1278,0,0,1,mr. F.A. van Hall,,225.0,0.3091,nee
441,H.G. Jansen,,583.0,0.33159999999999995,Haarlem,30/10/1866,algemeen,2507,1773,1775,3516.0,16,2.0,879.0,4,0,751.0,0.42719999999999997,-0.09560000000000002,0,1,1,mr. J.H. Geertsema,,751.0,0.42719999999999997,nee
443,H.G. Jansen,,897.0,0.4729,Haarlem,13/11/1866,herstemming,2507,1951,1951,3794.0,102,2.0,949.0,4,0,941.0,0.496,-0.02310000000000001,1,1,1,G.L.J. van der Hucht,,941.0,0.496,nee
464,jhr. J.P. Cornets de Groot van Kraayenburg,,662.0,0.281,Amsterdam,17/05/1853,algemeen,3873,2361,2362,11779.0,21,5.0,1178.0,9,0,986.0,0.41850000000000004,-0.1375,0,0,1,J.C. Baud,,986.0,0.41850000000000004,nee
467,jhr. J.P. Cornets de Groot van Kraayenburg,,600.0,0.3784,Amsterdam,13/06/1854,periodiek,3873,1595,1601,4757.0,28,3.0,793.0,4,0,766.0,0.48310000000000003,-0.10470000000000002,0,0,1,J.C. Baud,,766.0,0.48310000000000003,nee
474,dr. A. Vrolik,,352.0,0.25489999999999996,Amsterdam,20/03/1860,tussentijds,4318,1385,1385,1381.0,2,1.0,691.0,3,0,509.0,0.3686,-0.11370000000000002,0,0,1,J.G. Rijnders,,509.0,0.3686,nee
477,J.D. van Herwerden,,506.0,0.35950000000000004,Amsterdam,10/06/1862,periodiek,4570,1420,1420,4222.0,35,3.0,704.0,4,0,755.0,0.5365,-0.17699999999999994,0,0,1,mr. J. Heemskerk Bzn.,,755.0,0.5365,nee
479,J.J.A. Santhagens,,695.0,0.3979,Amsterdam,14/06/1864,periodiek,4441,1762,1762,5240.0,22,3.0,873.0,5,0,828.0,0.474,-0.0761,0,1,1,mr. C. van Heukelom,,828.0,0.474,nee
482,J.J.A. Santhagens,,1152.0,0.4578,Amsterdam,28/06/1864,herstemming,4441,2534,2532,5033.0,11,2.0,1258.0,4,0,1331.0,0.5289,-0.07110000000000005,0,1,1,J. van Swieten,,1331.0,0.5289,nee
494,mr. J. Wertheim,,1193.0,0.4104,Amsterdam,22/01/1868,algemeen,4322,2946,2947,17442.0,222,6.0,1454.0,11,0,1445.0,0.4971,-0.0867,0,1,1,mr. P.P. van Bosse,,1445.0,0.4971,nee
497,dr. J. Bosscha jr.,,722.0,0.3652,Amsterdam,12/10/1869,tussentijds,3964,1985,1982,1977.0,2,1.0,989.0,2,0,1087.0,0.5498,-0.18459999999999993,0,0,1,mr.dr. E.H. s' Jacob,,1087.0,0.5498,nee
499,mr. T.M.C. Asser,,939.0,0.4583,Amsterdam,08/02/1870,tussentijds,3964,2054,2055,2049.0,4,1.0,1025.0,3,0,1216.0,0.5935,-0.13520000000000004,0,0,1,jhr.mr. G.C.J. van Reenen,,1216.0,0.5935,nee
500,J.P. de Bordes,(AH)*,1127.0,0.4681,Amsterdam,13/06/1871,periodiek,3959,2424,2424,7223.0,43,3.0,1204.0,4,0,1153.0,0.4789,-0.010799999999999976,1,1,1,mr.dr. E.H. s' Jacob,DT/DZH,1153.0,0.4789,nee
503,J.P. de Bordes,(AH)*,994.0,0.4943,Amsterdam,27/06/1871,herstemming,3959,2018,2018,2011.0,5,1.0,1006.0,2,0,1017.0,0.5057,-0.011400000000000021,1,1,1,mr.dr. E.H. s' Jacob,DT/DZH,1017.0,0.5057,nee
512,mr. M.J. van Lennep,,452.0,0.23,Amsterdam,26/02/1878,tussentijds,4602,1974,1974,1965.0,9,1.0,983.0,3,0,763.0,0.3883,-0.15829999999999997,0,0,1,mr. G. van Tienhoven,,763.0,0.3883,nee
515,H.W. van Marle,,569.0,0.2953,Amsterdam,27/03/1883,tussentijds,5192,1955,1954,1927.0,27,1.0,964.0,2,0,787.0,0.40840000000000004,-0.11310000000000003,0,0,1,J. Dirks,,787.0,0.40840000000000004,nee
522,H.F. Bultman,,326.0,0.327,Haarlemmermeer,19/03/1878,tussentijds,1465,1003,1003,997.0,4,1.0,499.0,2,0,518.0,0.5196000000000001,-0.19260000000000005,0,0,1,mr. F.J.M.A. Reekers,,518.0,0.5196000000000001,nee
523,H.F. Bultman,(AH)*,446.0,0.365,Haarlemmermeer,10/06/1879,periodiek,1493,1232,1232,1222.0,6,1.0,611.0,2,0,581.0,0.4755,-0.11049999999999999,0,0,1,mr. F.J.M.A. Reekers,(DT)*,581.0,0.4755,nee
524,H.F. Bultman,(AH)*,622.0,0.4803,Haarlemmermeer,24/06/1879,herstemming,1493,1308,1308,1295.0,9,1.0,648.0,2,0,673.0,0.5196999999999999,-0.039399999999999935,1,1,1,mr. F.J.M.A. Reekers,(DT)*,673.0,0.5196999999999999,nee
526,H.F. Bultman,(AH)*,547.0,0.3785,Haarlemmermeer,15/06/1886,algemeen,1761,1459,1460,1445.0,1,1.0,723.0,2,0,698.0,0.483,-0.10449999999999998,0,0,1,mr. F.J.M.A. Reekers,(DT)*,698.0,0.483,nee
527,H.F. Bultman,(AH)*,685.0,0.4474,Haarlemmermeer,29/06/1886,herstemming,1761,1551,1551,1531.0,7,1.0,766.0,2,0,845.0,0.5519,-0.10449999999999993,0,0,1,mr. F.J.M.A. Reekers,DT(AR),845.0,0.5519,nee
529,mr. J.H. van der Sande,,824.0,0.424,Leiden,27/08/1850,algemeen,2646,1996,1997,3887.0,73,2.0,972.0,4,0,904.0,0.46509999999999996,-0.04109999999999997,1,1,1,P.H. baron van Taets van Amerongen,,904.0,0.46509999999999996,nee
539,dr. P. Bleeker,,184.0,0.1638,Leiden,10/06/1862,periodiek,2604,1136,1136,1123.0,6,1.0,562.0,4,0,346.0,0.3081,-0.14429999999999998,0,0,1,P.H. baron van Taets van Amerongen,,346.0,0.3081,nee
542,jhr.mr. H. van Alphen,,721.0,0.38549999999999995,Leiden,30/10/1866,algemeen,2643,1957,1957,3741.0,37,2.0,935.0,3,0,1040.0,0.556,-0.1705000000000001,0,0,1,P.H. baron van Taets van Amerongen,,1040.0,0.556,nee
545,jhr.mr. H. van Alphen,,578.0,0.37229999999999996,Leiden,22/01/1868,algemeen,2655,1567,1567,3105.0,25,2.0,776.0,4,0,626.0,0.4032,-0.03090000000000004,1,1,1,P.H. baron van Taets van Amerongen,,626.0,0.4032,nee
551,W.J.F. Nuyens,,440.0,0.2521,Leiden,18/03/1873,tussentijds,2792,1755,1755,1745.0,9,1.0,873.0,3,0,651.0,0.37310000000000004,-0.12100000000000005,0,0,1,mr. H.A. Neeb,,651.0,0.37310000000000004,nee
558,J. Rinkes Borger,(AH)*,952.0,0.3979,Leiden,15/06/1886,algemeen,3307,2901,2901,4785.0,1005,2.0,1196.0,3,0,1014.0,0.4238,-0.025900000000000034,1,1,1,mr. J.P. Smeele,(DT)*,1014.0,0.4238,nee
562,J. Rinkes Borger,(AH)*,1068.0,0.3667,Leiden,29/06/1886,herstemming,3307,3020,3020,5825.0,205,2.0,1456.0,4,0,1515.0,0.5202,-0.15349999999999997,0,0,1,mr. J.P. Smeele,DT(AR),1515.0,0.5202,nee
565,mr. F. Was,,810.0,0.30510000000000004,Leiden,01/09/1887,algemeen,3244,2665,2665,5310.0,10,2.0,1328.0,5,0,970.0,0.3653,-0.060199999999999976,0,1,1,J.P.T. van Nunen,(DT)*,970.0,0.3653,nee
577,mr. J.B.L. Wentholt,,1001.0,0.4218,Gouda,14/06/1864,periodiek,3414,2380,2378,2373.0,5,1.0,1187.0,2,0,1281.0,0.5398,-0.11799999999999994,0,0,1,jhr.mr. W.M. de Brauw,,1281.0,0.5398,nee
582,dr. J. Bosscha jr.,(AH)*,1066.0,0.4447,Gouda,08/06/1869,periodiek,3200,2414,2415,2397.0,9,1.0,1199.0,2,0,1122.0,0.4681,-0.023400000000000032,1,1,1,jhr.mr. W.M. de Brauw,AK/DT/DZH,1122.0,0.4681,nee
583,mr. J.B.L. Wentholt,(AH)*,657.0,0.38939999999999997,Gouda,13/06/1871,periodiek,3363,1707,1707,1687.0,15,1.0,844.0,2,0,985.0,0.5839,-0.1945,0,0,1,M.A.F.H. Hoffman,(DZH)*,985.0,0.5839,nee
585,mr. J.T. Buys,(AH)*,564.0,0.2964,Gouda,10/06/1873,periodiek,3448,1910,1911,1903.0,8,1.0,952.0,3,0,740.0,0.3889,-0.09250000000000003,0,1,1,jhr.mr. W.M. de Brauw,DZH(DT),740.0,0.3889,nee
590,jhr.mr. H.J. van der Heim,,686.0,0.26530000000000004,Gouda,13/02/1874,tussentijds,3448,2598,2596,2586.0,5,1.0,1293.0,3,0,985.0,0.3809,-0.11559999999999998,0,0,1,mr. H.C. Verniers van der Loeff,,985.0,0.3809,nee
594,dr. T.C.L. Wijnmalen,,1092.0,0.4879,Gouda,12/06/1877,tussentijds,3717,2261,2263,2238.0,12,1.0,1119.0,4,0,1189.0,0.5277000000000001,-0.03980000000000006,1,1,1,mr. M. Bichon van Ysselmonde,AR(DT),1189.0,0.5277000000000001,nee
597,mr. A.A. van Bergen Ijzendoorn,(AH)*,1243.0,0.4294,Gouda,14/06/1881,periodiek,3806,2904,2904,2895.0,7,1.0,1448.0,2,0,1645.0,0.5682,-0.13880000000000003,0,0,1,mr. M. Bichon van Ysselmonde,AR(DT),1645.0,0.5682,nee
598,J. van der Breggen,(AH)*,1177.0,0.4022,Gouda,28/10/1884,algemeen,3904,2944,2944,5853.0,33,2.0,1463.0,3,0,1738.0,0.5939,-0.19169999999999998,0,0,1,mr. U.H. Huber,AR(DT),1738.0,0.5939,nee
599,mr. A.J. Roest,(AH)*,1164.0,0.39770000000000005,Gouda,28/10/1884,algemeen,3904,2944,2944,5853.0,33,2.0,1463.0,4,0,1738.0,0.5939,-0.19619999999999993,0,0,1,mr. U.H. Huber,AR(DT),1738.0,0.5939,nee
600,mr. A.J. Roest,(AH)*,1632.0,0.4543,Gouda,15/06/1886,algemeen,4183,3610,3610,7184.0,14,2.0,1796.0,3,0,1956.0,0.5445,-0.0902,0,1,1,mr. U.H. Huber,AR(DT),1956.0,0.5445,nee
601,mr. J. Fortuijn Droogleever,(AH)*,1612.0,0.44880000000000003,Gouda,15/06/1886,algemeen,4183,3610,3610,7184.0,14,2.0,1796.0,4,0,1956.0,0.5445,-0.09569999999999995,0,1,1,mr. U.H. Huber,AR(DT),1956.0,0.5445,nee
602,mr. A.J. Roest,,1201.0,0.4188,Gouda,01/09/1887,algemeen,4127,2875,2875,5736.0,14,2.0,1434.0,3,0,1654.0,0.5767,-0.15789999999999998,0,0,1,mr. U.H. Huber,AR(DT),1654.0,0.5767,nee
603,mr. J. Fortuijn Droogleever,,1189.0,0.4146,Gouda,01/09/1887,algemeen,4127,2875,2875,5736.0,14,2.0,1434.0,4,0,1654.0,0.5767,-0.16209999999999997,0,0,1,mr. U.H. Huber,AR(DT),1654.0,0.5767,nee
607,jhr.mr. H.G.C.L. Janssens,,606.0,0.4316,Delft,12/06/1860,periodiek,2859,1419,1420,1404.0,15,1.0,702.0,2,0,662.0,0.4715,-0.03989999999999999,1,1,1,C. Hoekwater,,662.0,0.4715,nee
615,mr. R.J.C. Metelerkamp,(AH)*,717.0,0.3721,Delft,08/06/1869,periodiek,2650,1951,1951,1927.0,21,1.0,964.0,2,0,1046.0,0.5428000000000001,-0.17070000000000007,0,0,1,J.L. Nierstrasz,AK/DZH,1046.0,0.5428000000000001,nee
616,C.J. Vaillant,(AH)*,690.0,0.3553,Delft,10/06/1873,periodiek,2874,1958,1959,1942.0,12,1.0,971.0,2,0,900.0,0.46340000000000003,-0.10810000000000003,0,0,1,J.L. Nierstrasz,DZH(DT),900.0,0.46340000000000003,nee
617,C.J. Vaillant,(AH)*,986.0,0.45380000000000004,Delft,24/06/1873,herstemming,2874,2199,2201,2173.0,21,1.0,1087.0,2,0,1187.0,0.5462,-0.09239999999999998,0,1,1,J.L. Nierstrasz,DZH(DT),1187.0,0.5462,nee
618,C.J. Vaillant,(AH)*,926.0,0.3644,Delft,08/06/1875,periodiek,2995,2551,2550,2541.0,7,1.0,1271.0,2,0,1116.0,0.43920000000000003,-0.07480000000000003,0,1,1,jhr. F. de Casembroot,DZH(DT),1116.0,0.43920000000000003,nee
619,C.J. Vaillant,(AH)*,1117.0,0.4472,Delft,22/06/1875,herstemming,2995,2532,2532,2498.0,27,1.0,1249.0,2,0,1381.0,0.5528,-0.10559999999999997,0,0,1,jhr. F. de Casembroot,DZH(AR/DT),1381.0,0.5528,nee
620,S. Gille Heringa,(DT)*,893.0,0.3864,Delft,12/06/1877,periodiek,3175,2333,2333,2311.0,21,1.0,1156.0,2,0,964.0,0.4171,-0.030700000000000005,1,1,1,A.M. Schagen van Leeuwen,(AH)*,964.0,0.4171,nee
621,S. Gille Heringa,(DT)*,1060.0,0.42810000000000004,Delft,26/06/1877,herstemming,3175,2503,2504,2476.0,26,1.0,1238.0,2,0,1416.0,0.5719,-0.14379999999999993,0,0,1,A.M. Schagen van Leeuwen,(AH)*,1416.0,0.5719,nee
623,mr. A.E.J. Modderman,(AH)*,918.0,0.342,Delft,12/06/1883,periodiek,3386,2694,2694,2684.0,9,1.0,1342.0,2,0,1031.0,0.38409999999999994,-0.042099999999999915,1,1,1,mr. A.H.M. van Berckel,(DT)*,1031.0,0.38409999999999994,nee
625,mr. A.E.J. Modderman,,1385.0,0.4855,Delft,26/06/1883,herstemming,3386,2896,2895,2853.0,39,1.0,1427.0,2,0,1468.0,0.5145000000000001,-0.02900000000000008,1,1,1,mr. A.H.M. van Berckel,DT(AR),1468.0,0.5145000000000001,nee
630,mr. A.M. Maas Geesteranus,(AH)*,1279.0,0.3998,Delft,15/06/1886,algemeen,3622,3258,3258,6398.0,106,2.0,1600.0,4,0,1822.0,0.5696,-0.1698,0,0,1,mr. A.H.M. van Berckel,DT(AR),1822.0,0.5696,nee
640,mr. D.C.A. graaf van Hogendorp,,938.0,0.4068,Rotterdam,22/01/1868,algemeen,2994,2332,2333,6917.0,54,3.0,1153.0,4,0,1293.0,0.5608,-0.15399999999999997,0,0,1,F.W.C. Blom,,1293.0,0.5608,nee
645,mr. W.H. Jansen,(DT)*,583.0,0.32420000000000004,Rotterdam,10/06/1879,periodiek,3462,1947,1947,3596.0,296,2.0,899.0,3,0,814.0,0.45270000000000005,-0.1285,0,0,1,J. van Stolk Jzn.,(AH)*,814.0,0.45270000000000005,nee
647,M.L. van Deventer,,747.0,0.395,Rotterdam,24/08/1880,tussentijds,3551,1907,1907,1891.0,13,1.0,946.0,2,0,805.0,0.4257,-0.030700000000000005,1,1,1,O. van Rees,,805.0,0.4257,nee
648,M.L. van Deventer,,985.0,0.4729,Rotterdam,07/09/1880,herstemming,3551,2103,2103,2083.0,20,1.0,1042.0,2,0,1098.0,0.5271,-0.054200000000000026,0,1,1,O. van Rees,,1098.0,0.5271,nee
650,G.P. Ittmann,AR(DT),922.0,0.4757,Rotterdam,14/06/1881,periodiek,3642,1961,1960,1938.0,22,1.0,969.0,3,0,1006.0,0.5191,-0.043399999999999994,1,1,1,mr. J. van Gennep,(AH)*,1006.0,0.5191,nee
652,M.L. van Deventer,,729.0,0.3513,Rotterdam,12/02/1884,tussentijds,3732,2085,2085,2075.0,10,1.0,1038.0,2,0,1076.0,0.5186,-0.16729999999999995,0,0,1,mr. H.C. Verniers van der Loeff,,1076.0,0.5186,nee
659,R.F. baron van Raders,,240.0,0.254,Den Haag,23/05/1854,tussentijds,2101,951,951,945.0,2,1.0,473.0,2,0,419.0,0.4434,-0.1894,0,0,1,dr. I.P. Delprat,,419.0,0.4434,nee
668,jhr.mr. J.K.J. de Jonge,(AH)*,561.0,0.4042,Den Haag,10/06/1873,periodiek,2194,1398,1398,1388.0,8,1.0,694.0,2,0,744.0,0.536,-0.13180000000000003,0,0,1,mr. R.J. graaf van Schimmelpenninck,DZH(DT),744.0,0.536,nee
669,L. Mulder,(AH)*,551.0,0.4177,Den Haag,12/06/1877,periodiek,2439,1326,1327,1319.0,6,1.0,660.0,2,0,729.0,0.5527000000000001,-0.13500000000000006,0,0,1,mr. R.J. graaf van Schimmelpenninck,(DT)*,729.0,0.5527000000000001,nee
670,jhr. G.J.G. Klerck,,569.0,0.40270000000000006,Den Haag,12/06/1883,periodiek,2632,1432,1432,1413.0,15,1.0,707.0,2,0,725.0,0.5131,-0.11039999999999994,0,0,1,mr. W. Wintgens,(DT)*,725.0,0.5131,nee
678,J. Canter Visscher,(DT)*,757.0,0.3906,Den Haag,01/09/1887,algemeen,2889,1944,1944,3876.0,10,2.0,969.0,4,0,1017.0,0.5247999999999999,-0.13419999999999993,0,0,1,mr. H.M.A. baron van Goes van Dirxland,,1017.0,0.5247999999999999,nee
679,A. Vogelsang,,402.0,0.2925,Dordrecht,27/08/1850,algemeen,2109,1404,1405,2749.0,41,2.0,687.0,3,0,484.0,0.3521,-0.05960000000000004,0,1,1,mr. P. BlussÃÂ© van Oud-Alblas,,484.0,0.3521,nee
682,A. Vogelsang,,467.0,0.4393,Dordrecht,22/06/1852,herstemming,2123,1091,1091,1063.0,25,1.0,532.0,2,0,596.0,0.5607,-0.12139999999999995,0,0,1,mr. G.A. de Raadt,,596.0,0.5607,nee
685,A. Vogelsang,,164.0,0.152,Dordrecht,10/06/1856,periodiek,2227,1097,1098,1079.0,10,1.0,540.0,3,0,375.0,0.3475,-0.19549999999999998,0,0,1,mr. J.D. van der Poel,,375.0,0.3475,nee
692,jhr.mr. H.J. van der Heim,,164.0,0.14800000000000002,Dordrecht,13/02/1860,tussentijds,2037,1133,1135,1108.0,11,1.0,554.0,4,0,378.0,0.34119999999999995,-0.19319999999999993,0,0,1,mr. G.A. de Raadt,,378.0,0.34119999999999995,nee
707,G.A. Loeff,,314.0,0.2988,Dordrecht,22/04/1879,tussentijds,2236,1063,1063,1051.0,9,1.0,526.0,2,0,431.0,0.41009999999999996,-0.11129999999999995,0,0,1,mr. J.B. van Osenbruggen,,431.0,0.41009999999999996,nee
708,G.A. Loeff,,522.0,0.4336,Dordrecht,06/05/1879,herstemming,2236,1230,1230,1204.0,21,1.0,602.0,2,0,682.0,0.5664,-0.13280000000000003,0,0,1,mr. J.B. van Osenbruggen,,682.0,0.5664,nee
712,I. Esser,AR,622.0,0.473,Dordrecht,14/06/1881,periodiek,2411,1324,1324,1315.0,8,1.0,658.0,2,0,677.0,0.5147999999999999,-0.04179999999999995,1,1,1,mr. G.M. van der Linden,(AH)*,677.0,0.5147999999999999,nee
722,mr. P.L. Begram van Jaarsveld,,70.0,0.0716,Gorinchem,27/08/1850,algemeen,1490,992,992,978.0,1,1.0,489.0,6,0,256.0,0.2618,-0.19019999999999998,0,0,1,C. Schiffer,,256.0,0.2618,nee
730,jhr. B. van Merlen,,138.0,0.0696,Gorinchem,25/01/1859,tussentijds,2810,1993,1993,1984.0,4,1.0,992.0,5,0,534.0,0.2692,-0.1996,0,0,1,mr. G. Groen van Prinsterer,,534.0,0.2692,nee
751,jhr. G.J.G. Klerck,(AH)*,821.0,0.41969999999999996,Gorinchem,10/06/1879,periodiek,3594,1972,1971,1956.0,13,1.0,978.0,2,0,1105.0,0.5649000000000001,-0.1452000000000001,0,0,1,mr. L.W.C. Keuchenius,AR,1105.0,0.5649000000000001,nee
752,J.A.A. Waldorp,,920.0,0.4218,Gorinchem,23/09/1880,tussentijds,3654,2206,2206,2181.0,23,1.0,1091.0,2,0,1248.0,0.5722,-0.15040000000000003,0,0,1,H. Seret,,1248.0,0.5722,nee
757,jhr.mr. J.G.H. van Tets van Goudriaan,,265.0,0.25579999999999997,Middelburg,10/06/1862,periodiek,2556,1074,1074,1036.0,16,1.0,518.0,3,0,369.0,0.35619999999999996,-0.10039999999999999,0,0,1,mr. W.P. Vis,,369.0,0.35619999999999996,nee
759,jhr.mr. H.J. van der Heim,,823.0,0.41869999999999996,Middelburg,22/01/1868,algemeen,2716,1991,1992,3931.0,35,2.0,983.0,3,0,1138.0,0.579,-0.1603,0,0,1,mr. D. van Eck,,1138.0,0.579,nee
763,J. Wolbers,AR(DT),854.0,0.4114,Middelburg,12/06/1877,periodiek,2920,2094,2096,2076.0,15,1.0,1038.0,2,0,1214.0,0.5848,-0.1734,0,0,1,mr. D. van Eck,(AH)*,1214.0,0.5848,nee
768,mr. W.J. Snouck Hurgronje,(AH)*,940.0,0.4282,Middelburg,12/06/1883,periodiek,2701,2217,2217,2195.0,17,1.0,1098.0,2,0,1250.0,0.5695,-0.14129999999999998,0,0,1,mr. P.C. 't Hooft,AR(DT),1250.0,0.5695,nee
779,mr. C.J. PickÃÂ©,,207.0,0.22260000000000002,Goes,14/06/1864,periodiek,1339,966,966,930.0,6,1.0,465.0,3,0,281.0,0.30219999999999997,-0.07959999999999995,0,1,1,mr. P.H. Saaymans Vader,,281.0,0.30219999999999997,nee
780,O. Verhagen,,189.0,0.2032,Goes,14/06/1864,periodiek,1339,966,966,930.0,6,1.0,465.0,4,0,281.0,0.30219999999999997,-0.09899999999999998,0,1,1,mr. P.H. Saaymans Vader,,281.0,0.30219999999999997,nee
784,mr. C.J. PickÃÂ©,,410.0,0.3857,Goes,22/01/1868,algemeen,1421,1072,1072,1063.0,8,1.0,532.0,2,0,585.0,0.5503,-0.16460000000000002,0,0,1,mr. P.H. Saaymans Vader,,585.0,0.5503,nee
785,mr. M.J. de Witt Hamer,,531.0,0.4201,Goes,08/06/1875,periodiek,1601,1280,1280,1264.0,14,1.0,632.0,2,0,719.0,0.5688,-0.1487,0,0,1,mr. P.H. Saaymans Vader,AR(DT/DZH),719.0,0.5688,nee
789,mr. W.A. van Hoek,(AH)*,580.0,0.33490000000000003,Goes,10/06/1879,periodiek,2656,1784,1784,1732.0,22,1.0,866.0,2,0,727.0,0.41969999999999996,-0.08479999999999993,0,1,1,jhr.mr. A.F. de Savornin Lohman,AR,727.0,0.41969999999999996,nee
790,mr. W.A. van Hoek,(AH)*,755.0,0.4263,Goes,24/06/1879,herstemming,2656,1833,1834,1771.0,52,1.0,886.0,2,0,1017.0,0.5743,-0.14800000000000002,0,0,1,jhr.mr. A.F. de Savornin Lohman,AR,1017.0,0.5743,nee
791,mr. L.A. Bijbau,(AH)*,841.0,0.3884,Goes,15/06/1886,algemeen,2926,2575,2575,4331.0,813,2.0,1083.0,3,0,867.0,0.4004,-0.011999999999999955,1,1,1,jhr.mr. A.F. de Savornin Lohman,AR,867.0,0.4004,nee
795,mr. L.A. Bijbau,(AH)*,962.0,0.39270000000000005,Goes,29/06/1886,herstemming,2926,2542,2543,4899.0,77,2.0,1225.0,4,0,1431.0,0.5842,-0.1915,0,0,1,jhr.mr. A.F. de Savornin Lohman,AR(DT),1431.0,0.5842,nee
801,C. Goekoop,,119.0,0.1059,Zierikzee,12/02/1863,tussentijds,1393,1148,1149,1124.0,11,1.0,562.0,3,0,341.0,0.3034,-0.1975,0,0,1,J.J. van Kerkwijk,,341.0,0.3034,nee
802,W.F. del Campo,,117.0,0.1041,Zierikzee,12/02/1863,tussentijds,1393,1148,1149,1124.0,11,1.0,562.0,4,0,341.0,0.3034,-0.1993,0,0,1,J.J. van Kerkwijk,,341.0,0.3034,nee
809,mr. D. Mulder,,359.0,0.17579999999999998,Breda,25/02/1862,tussentijds,3638,2065,2065,2042.0,16,1.0,1021.0,3,0,638.0,0.3124,-0.13660000000000003,0,0,1,N.R.H. GuljÃÂ©,,638.0,0.3124,nee
810,mr. J.H. van Mierlo,,348.0,0.1704,Breda,25/02/1862,tussentijds,3638,2065,2065,2042.0,16,1.0,1021.0,4,0,638.0,0.3124,-0.14200000000000002,0,0,1,N.R.H. GuljÃÂ©,,638.0,0.3124,nee
813,mr. P.E.A. Janssens,,786.0,0.3031,Breda,22/01/1868,algemeen,3861,2650,2650,5187.0,89,2.0,1297.0,4,0,1290.0,0.4974,-0.19430000000000003,0,0,1,mr. P.J.J. HollingÃÂ©rus Pijpers,,1290.0,0.4974,nee
817,dr. T.C.L. Wijnmalen,,476.0,0.2827,Zevenbergen,23/04/1878,tussentijds,2044,1689,1689,1684.0,4,1.0,842.0,3,0,650.0,0.386,-0.1033,0,0,1,J.H.A. Diepen,,650.0,0.386,nee
819,mr. L. van Rijckevorsel,(DT)*,612.0,0.3729,Zevenbergen,14/06/1881,periodiek,2134,1656,1658,1641.0,15,1.0,821.0,2,0,627.0,0.3821,-0.009199999999999986,1,1,1,mr. R. van der Werk,(AH)*,627.0,0.3821,nee
820,C.N. Tieleman,AR,376.0,0.2291,Zevenbergen,14/06/1881,periodiek,2134,1656,1658,1641.0,15,1.0,821.0,3,0,627.0,0.3821,-0.153,0,0,1,mr. R. van der Werk,(AH)*,627.0,0.3821,nee
821,mr. L. van Rijckevorsel,(DT)*,838.0,0.4838,Zevenbergen,28/06/1881,herstemming,2134,1767,1767,1732.0,31,1.0,866.0,2,0,893.0,0.5156000000000001,-0.03180000000000005,1,1,1,mr. R. van der Werk,(AH)*,893.0,0.5156000000000001,nee
832,mr. H.A. van Mens,,270.0,0.1812,Tilburg,19/01/1864,tussentijds,3081,1504,1505,1490.0,5,1.0,745.0,2,0,525.0,0.35229999999999995,-0.17109999999999995,0,0,1,mr. C.C.A. Beens,,525.0,0.35229999999999995,nee
833,mr. D. Mulder,,858.0,0.4409,Tilburg,03/02/1864,herstemming,3081,1958,1960,1946.0,6,1.0,973.0,2,0,1088.0,0.5590999999999999,-0.11819999999999992,0,0,1,mr. C.C.A. Beens,,1088.0,0.5590999999999999,nee
839,mr. M. van den Acker,,461.0,0.3017,Eindhoven,17/05/1853,algemeen,2050,1569,1569,3056.0,74,2.0,764.0,4,0,727.0,0.4758,-0.17409999999999998,0,0,1,J.F. van der Heyde,,727.0,0.4758,nee
847,jhr. L.L.G.M. de Villers de PitÃÂ©,,553.0,0.4218,Maastricht,27/08/1850,algemeen,1875,1351,1354,2622.0,35,2.0,656.0,3,0,719.0,0.5484,-0.1266,0,0,1,mr. E.J.H. Borret,,719.0,0.5484,nee
848,A. Roberti,,464.0,0.3539,Maastricht,27/08/1850,algemeen,1875,1351,1354,2622.0,35,2.0,656.0,4,0,719.0,0.5484,-0.1945,0,0,1,mr. E.J.H. Borret,,719.0,0.5484,nee
851,mr. L.H. Wenmaekers,,762.0,0.3766,Maastricht,22/01/1868,algemeen,2655,2080,2081,4047.0,95,2.0,1012.0,4,0,1133.0,0.5599000000000001,-0.18330000000000007,0,0,1,C.A. baron van Bieberstein Rogalla Zawadsky,,1133.0,0.5599000000000001,nee
852,A.L.E. Roberti,,917.0,0.4643,Maastricht,03/02/1880,tussentijds,2560,2017,2018,1975.0,38,1.0,988.0,2,0,1053.0,0.5332,-0.06890000000000002,0,1,1,mr. M.V. Nijst,,1053.0,0.5332,nee
873,mr. J.B.H. van de Mortel,,319.0,0.1677,Den Bosch,27/08/1850,algemeen,2817,1948,1949,3804.0,70,2.0,951.0,4,0,605.0,0.3181,-0.1504,0,0,1,mr. F.G.J. baron van Rijckevorsel van Kessel,,605.0,0.3181,nee
887,jhr.mr. W.H. de Savornin Lohman,AR(Ka),1224.0,0.395,Appingedam,06/03/1888,algemeen,3976,3113,3112,3099.0,11,1.0,1550.0,2,0,1688.0,0.5447,-0.14969999999999994,0,0,1,J. Schepel,Lib,1688.0,0.5447,nee
888,jhr.mr. W.H. de Savornin Lohman,AR,908.0,0.39890000000000003,Appingedam,09/06/1891,algemeen,4002,2290,2290,2276.0,10,1.0,1138.0,2,0,1314.0,0.5772999999999999,-0.1783999999999999,0,0,1,J. Schepel,Lib,1314.0,0.5772999999999999,nee
890,P. Dijkhuis,AR,512.0,0.2034,Winschoten,06/03/1888,algemeen,3022,2525,2526,2517.0,5,1.0,1259.0,3,0,992.0,0.39409999999999995,-0.19069999999999995,0,0,1,D.R. Mansholt,Rad,992.0,0.39409999999999995,nee
932,dr. V. Bruinsma,Rad,598.0,0.2797,Wolvega,06/03/1888,algemeen,2634,2143,2143,2138.0,2,1.0,1069.0,3,0,837.0,0.39149999999999996,-0.11179999999999995,0,0,1,R.K. Okma,AR(Ka),837.0,0.39149999999999996,nee
941,A. Wiersinga,AR(VT),630.0,0.2871,Steenwijk,10/04/1894,algemeen,2800,2213,2213,2194.0,13,1.0,1097.0,3,0,834.0,0.3801,-0.09299999999999997,0,1,1,jhr.mr. G.J.T. Beelaerts van Blokland,AR(TT),834.0,0.3801,nee
944,B. Berends,AR,811.0,0.40270000000000006,Meppel,09/06/1891,algemeen,2731,2026,2027,2014.0,10,1.0,1007.0,2,0,1175.0,0.5834,-0.18069999999999997,0,0,1,mr. H. Smeenge,Lib,1175.0,0.5834,nee
947,mr. T. Ruijs,Lib,938.0,0.4064,Kampen,06/03/1888,algemeen,2605,2324,2325,2308.0,15,1.0,1154.0,2,0,1340.0,0.5806,-0.17420000000000002,0,0,1,jhr.mr. T.A.J. van Asch van Wijck,AR,1340.0,0.5806,nee
953,jhr. G.J. van der Wijck,Lib,844.0,0.425,Ommen,06/03/1888,algemeen,2326,2000,2000,1986.0,3,1.0,993.0,2,0,1137.0,0.5725,-0.14750000000000002,0,0,1,A. baron van Dedem,AR(Ka),1137.0,0.5725,nee
955,mr. J.H.A.M. Essink,Ka,436.0,0.2127,Ommen,09/06/1891,algemeen,2419,2056,2056,2050.0,2,1.0,1025.0,3,0,845.0,0.4122,-0.1995,0,0,1,jhr. E. van Weede van Dijkveld,Lib,845.0,0.4122,nee
958,W.H. Dikkers,Lib,827.0,0.4226,Almelo,09/06/1891,algemeen,2360,1967,1967,1957.0,10,1.0,979.0,2,0,1090.0,0.557,-0.13440000000000007,0,0,1,mr. W.C.J.J. Cremers,Ka,1090.0,0.557,nee
959,W.H. Dikkers,,942.0,0.43310000000000004,Almelo,23/07/1891,tussentijds,2360,2189,2190,2175.0,12,1.0,1088.0,2,0,1228.0,0.5646,-0.13149999999999995,0,0,1,dr. H.J.A.M. Schaepman,,1228.0,0.5646,nee
961,mr. J.H.A.M. Essink,Ka,853.0,0.39490000000000003,Enschede,09/06/1891,algemeen,2347,2181,2181,2160.0,16,1.0,1080.0,2,0,965.0,0.4468,-0.051899999999999946,0,1,1,W.J. Geertsema,Lib,965.0,0.4468,nee
962,mr. J.H.A.M. Essink,Ka(AR),1078.0,0.4865,Enschede,23/06/1891,herstemming,2347,2246,2245,2216.0,26,1.0,1108.0,2,0,1138.0,0.5135000000000001,-0.02700000000000008,1,1,1,W.J. Geertsema,Lib,1138.0,0.5135000000000001,nee
963,mr. R.E. Hattink,Lib(VT)  Lib(VT),722.0,0.37310000000000004,Enschede,10/04/1894,algemeen,2212,1955,1955,1935.0,14,1.0,968.0,2,0,781.0,0.4036,-0.03049999999999997,1,1,1,mr. A.F. Vos de Wael,Ka(TT)  Ka(TT),781.0,0.4036,nee
965,mr. R.E. Hattink,,924.0,0.4681,Enschede,24/04/1894,herstemming,2212,2019,2019,1974.0,41,1.0,987.0,2,0,1049.0,0.5314,-0.06329999999999997,0,1,1,mr. A.F. Vos de Wael,,1049.0,0.5314,nee
966,jhr.mr. J.G. ridder van Rappard,Lib,1394.0,0.4878,Lochem,06/03/1888,algemeen,3242,2879,2879,2858.0,17,1.0,1429.0,2,0,1459.0,0.5105,-0.022699999999999942,1,1,1,A. baron van Schimmelpenninck van der Oye,AR(Ka),1459.0,0.5105,nee
967,jhr.mr. J.G. ridder van Rappard,,1450.0,0.49829999999999997,Lochem,30/10/1888,tussentijds,3242,2929,2930,2910.0,15,1.0,1455.0,2,0,1460.0,0.5017,-0.0034000000000000696,1,1,1,jhr. C.M. Brantsen,,1460.0,0.5017,nee
981,mr. R. baron van Melvil van Lynden,AR(Ka),1029.0,0.3933,Arnhem,06/03/1888,algemeen,3009,2623,2624,2616.0,6,1.0,1308.0,2,0,1313.0,0.5019,-0.10860000000000003,0,0,1,W. Rooseboom,Lib,1313.0,0.5019,nee
982,mr. J.F. Bijleveld,Lib(TT),1051.0,0.4403,Arnhem,10/04/1894,algemeen,2786,2400,2401,2387.0,9,1.0,1194.0,2,0,1330.0,0.5572,-0.1169,0,0,1,mr. P. Rink,Lib(VT),1330.0,0.5572,nee
984,jhr.mr. J.G. ridder van Rappard,Lib,708.0,0.2502,Elst,06/03/1888,algemeen,3094,2845,2845,2830.0,12,1.0,1415.0,3,0,1104.0,0.3901,-0.13990000000000002,0,0,1,mr. B.M. Bahlmann,Ka,1104.0,0.3901,nee
987,A.D. Sipman,Lib,883.0,0.3093,Elst,09/06/1891,algemeen,3158,2868,2870,2855.0,15,1.0,1428.0,3,0,1059.0,0.3709,-0.06159999999999999,0,1,1,mr. G.W. baron van Dedem,AR(Ka),1059.0,0.3709,nee
989,E.D. de Meester,Lib(VT)  Lib(VT),732.0,0.3025,Elst,10/04/1894,algemeen,3044,2447,2447,2420.0,26,1.0,1210.0,2,0,1200.0,0.4959,-0.19340000000000002,0,0,1,mr. W.H.J.T. van Basten van Batenburg,Ka(TT)  Ka(TT),1200.0,0.4959,nee
990,E.D. de Meester,Lib(VT),1057.0,0.377,Elst,12/06/1894,tussentijds,3007,2830,2830,2804.0,26,1.0,1402.0,2,0,1389.0,0.4954,-0.1184,0,0,1,mr. W.H.J.T. van Basten van Batenburg,Ka(TT),1389.0,0.4954,nee
991,E.D. de Meester,Lib(VT),1413.0,0.4961,Elst,26/06/1894,herstemming,3007,2881,2881,2848.0,33,1.0,1424.0,2,0,1435.0,0.5039,-0.007800000000000029,1,1,1,mr. W.H.J.T. van Basten van Batenburg,Ka(TT),1435.0,0.5039,nee
1002,mr. W.H.J. Rooijaards,Lib,709.0,0.3295,Amersfoort,09/06/1891,algemeen,3059,2156,2156,2152.0,3,1.0,1076.0,2,0,901.0,0.41869999999999996,-0.08919999999999995,0,1,1,J.E.N. baron van Schimmelpenninck van der Oye,AR,901.0,0.41869999999999996,nee
1004,mr. W.H.J. Rooijaards,Lib,902.0,0.405,Amersfoort,23/06/1891,herstemming,3059,2246,2246,2227.0,14,1.0,1114.0,2,0,1325.0,0.595,-0.18999999999999995,0,0,1,J.E.N. baron van Schimmelpenninck van der Oye,AR,1325.0,0.595,nee
1006,jhr.mr. G.W. Mollerus,Lib(VT)  Lib(VT),676.0,0.3488,Apeldoorn,10/04/1894,algemeen,2958,1949,1951,1938.0,10,1.0,969.0,2,0,900.0,0.4644,-0.11559999999999998,0,0,1,mr. W.K.F.P. graaf van Bylandt,AR(TT)  AR(TT),900.0,0.4644,nee
1007,jhr.mr. G.W. Mollerus,,971.0,0.41729999999999995,Apeldoorn,24/04/1894,herstemming,2958,2335,2335,2327.0,6,1.0,1164.0,2,0,1356.0,0.5827,-0.16540000000000005,0,0,1,mr. W.K.F.P. graaf van Bylandt,,1356.0,0.5827,nee
1011,H.A. van Beuningen,Lib,1839.0,0.516,Utrecht,09/06/1891,algemeen,4365,3595,3596,3564.0,25,1.0,1782.0,2,0,2001.0,0.5614,-0.045399999999999996,1,1,1,jhr.mr. J. RoÃÂ«ll,Lib,2001.0,0.5614,nee
1026,A.N.J. Fabius,,610.0,0.30579999999999996,Hilversum,26/01/1897,tussentijds,4110,2057,2057,1995.0,55,1.0,998.0,3,0,714.0,0.3579,-0.052100000000000035,0,1,1,jhr.mr. J.H.J. Quarles van Ufford,,714.0,0.3579,nee
1031,W. Bos,Ka,1440.0,0.3691,Enkhuizen,06/03/1888,algemeen,4283,3913,3913,3901.0,5,1.0,1951.0,2,0,2150.0,0.5511,-0.18200000000000005,0,0,1,mr. D. Visser van Hazerswoude,Lib,2150.0,0.5511,nee
1032,W. Bos,,1357.0,0.38539999999999996,Enkhuizen,28/10/1890,tussentijds,4266,3533,3534,3521.0,7,1.0,1761.0,2,0,1942.0,0.5515,-0.16610000000000003,0,0,1,J. Zijp,,1942.0,0.5515,nee
1037,A. Goede,Ka(AR),1313.0,0.3856,Alkmaar,09/06/1891,algemeen,4783,3422,3423,3405.0,12,1.0,1703.0,2,0,1636.0,0.4805,-0.09489999999999998,0,1,1,mr. W. van der Kaay,Lib,1636.0,0.4805,nee
1038,A. Goede,Ka(AR),1720.0,0.4096,Alkmaar,23/06/1891,herstemming,4783,4232,4232,4199.0,25,1.0,2100.0,2,0,2479.0,0.5904,-0.18080000000000002,0,0,1,mr. W. van der Kaay,Lib,2479.0,0.5904,nee
1042,H.W. van Marle,AR,973.0,0.3515,Den Helder,06/03/1888,algemeen,3627,2775,2774,2768.0,6,1.0,1384.0,2,0,1072.0,0.3873,-0.0358,1,1,1,S.T. Land,Lib,1072.0,0.3873,nee
1043,D.C. Loman,Lib,705.0,0.2547,Den Helder,06/03/1888,algemeen,3627,2775,2774,2768.0,6,1.0,1384.0,3,0,1072.0,0.3873,-0.1326,0,0,1,S.T. Land,Lib,1072.0,0.3873,nee
1044,J.J. Kraakman,,281.0,0.14429999999999998,Den Helder,30/10/1894,tussentijds,3711,1958,1957,1948.0,6,1.0,974.0,2,0,558.0,0.2864,-0.1421,0,0,1,A.P. Staalman,,558.0,0.2864,nee
1045,H. van Calcar,,256.0,0.13140000000000002,Den Helder,30/10/1894,tussentijds,3711,1958,1957,1948.0,6,1.0,974.0,3,0,558.0,0.2864,-0.15499999999999997,0,0,1,A.P. Staalman,,558.0,0.2864,nee
1047,J.J. Stooker,,213.0,0.1093,Den Helder,30/10/1894,tussentijds,3711,1958,1957,1948.0,6,1.0,974.0,5,0,558.0,0.2864,-0.17709999999999998,0,0,1,A.P. Staalman,,558.0,0.2864,nee
1048,J.J. Kraakman,,1003.0,0.44439999999999996,Den Helder,13/11/1894,herstemming,3711,2324,2324,2257.0,66,1.0,1129.0,2,0,1254.0,0.5556,-0.11120000000000002,0,0,1,A.P. Staalman,,1254.0,0.5556,nee
1052,H. Waller,AR(Ka),4970.0,0.3191,Amsterdam,06/03/1888,algemeen,20887,16015,16015,140176.0,3779,9.0,7788.0,13,0,5415.0,0.3477,-0.028600000000000014,1,1,1,mr. J.D. Veegens,Lib,5415.0,0.3477,nee
1053,E.J.J. Kuinders,Ka(AR),4944.0,0.31739999999999996,Amsterdam,06/03/1888,algemeen,20887,16015,16015,140176.0,3779,9.0,7788.0,14,0,5415.0,0.3477,-0.03030000000000005,1,1,1,mr. J.D. Veegens,Lib,5415.0,0.3477,nee
1055,mr. L.M. Povel,Ka(AR),4777.0,0.30670000000000003,Amsterdam,06/03/1888,algemeen,20887,16015,16015,140176.0,3779,9.0,7788.0,16,0,5415.0,0.3477,-0.04099999999999998,1,1,1,mr. J.D. Veegens,Lib,5415.0,0.3477,nee
1056,mr. J.F. Farensbach,Ka(AR),4686.0,0.3009,Amsterdam,06/03/1888,algemeen,20887,16015,16015,140176.0,3779,9.0,7788.0,17,0,5415.0,0.3477,-0.04680000000000001,1,1,1,mr. J.D. Veegens,Lib,5415.0,0.3477,nee
1057,dr. J.A.J. van Nederhasselt,Ka(AR),4622.0,0.2968,Amsterdam,06/03/1888,algemeen,20887,16015,16015,140176.0,3779,9.0,7788.0,18,0,5415.0,0.3477,-0.0509,0,1,1,mr. J.D. Veegens,Lib,5415.0,0.3477,nee
1058,P.J. Raaymakers,Ka(AR),3018.0,0.1938,Amsterdam,06/03/1888,algemeen,20887,16015,16015,140176.0,3779,9.0,7788.0,19,0,5415.0,0.3477,-0.1539,0,0,1,mr. J.D. Veegens,Lib,5415.0,0.3477,nee
1060,dr. V. Bruinsma,Rad,2402.0,0.1542,Amsterdam,06/03/1888,algemeen,20887,16015,16015,140176.0,3779,9.0,7788.0,21,0,5415.0,0.3477,-0.1935,0,0,1,mr. J.D. Veegens,Lib,5415.0,0.3477,nee
1066,mr. W. Heineken,Rad(VT),2460.0,0.2699,Amsterdam,10/04/1894,algemeen,23112,9391,9390,82016.0,2251,9.0,4556.0,15,0,3456.0,0.37920000000000004,-0.10930000000000006,0,0,1,jhr.mr. J.W.H. Rutgers van Rozenburg,Lib(TT)  Lib(TT),3456.0,0.37920000000000004,nee
1069,E.J.J. Kuinders,Ka(TT),1741.0,0.191,Amsterdam,10/04/1894,algemeen,23112,9391,9390,82016.0,2251,9.0,4556.0,18,0,3456.0,0.37920000000000004,-0.18820000000000003,0,0,1,jhr.mr. J.W.H. Rutgers van Rozenburg,Lib(TT)  Lib(TT),3456.0,0.37920000000000004,nee
1077,W. Bos,Ka,753.0,0.2523,Beverwijk,09/06/1891,algemeen,3640,2997,2996,2984.0,3,1.0,1492.0,2,0,778.0,0.2607,-0.008399999999999963,1,1,1,jhr.mr. J.W.G. Boreel van Hogelanden,Lib,778.0,0.2607,nee
1079,J.J.H. Kervel,Ka,618.0,0.2071,Beverwijk,09/06/1891,algemeen,3640,2997,2996,2984.0,3,1.0,1492.0,4,0,778.0,0.2607,-0.05359999999999998,0,1,1,jhr.mr. J.W.G. Boreel van Hogelanden,Lib,778.0,0.2607,nee
1080,W. Bos,Ka(AR),1524.0,0.4679,Beverwijk,23/06/1891,herstemming,3640,3275,3275,3257.0,10,1.0,1629.0,2,0,1733.0,0.5321,-0.06420000000000003,0,1,1,jhr.mr. J.W.G. Boreel van Hogelanden,Lib,1733.0,0.5321,nee
1084,H. Waller,,229.0,0.0883,Beverwijk,20/06/1893,tussentijds,3718,2622,2622,2594.0,16,1.0,1297.0,5,0,698.0,0.2691,-0.18080000000000002,0,0,1,dr. J. van Loenen Martinet,,698.0,0.2691,nee
1089,H.F. Bultman,Lib,978.0,0.3111,Haarlemmermeer,06/03/1888,algemeen,3595,3166,3169,3144.0,9,1.0,1572.0,2,0,1300.0,0.41350000000000003,-0.10240000000000005,0,0,1,mr. F.J.M.A. Reekers,Ka,1300.0,0.41350000000000003,nee
1091,H.F. Bultman,Lib,1203.0,0.4061,Haarlemmermeer,20/03/1888,herstemming,3595,3004,3005,2962.0,36,1.0,1481.0,2,0,1759.0,0.5939,-0.18779999999999997,0,0,1,mr. F.J.M.A. Reekers,Ka(AR),1759.0,0.5939,nee
1092,jhr. J.B. van Merlen,Lib,928.0,0.3256,Haarlemmermeer,09/06/1891,algemeen,3718,2864,2865,2850.0,7,1.0,1425.0,2,0,1206.0,0.4232,-0.09760000000000002,0,1,1,mr. F.J.M.A. Reekers,Ka,1206.0,0.4232,nee
1093,dr. T.C.L. Wijnmalen,AR,701.0,0.24600000000000002,Haarlemmermeer,09/06/1891,algemeen,3718,2864,2865,2850.0,7,1.0,1425.0,3,0,1206.0,0.4232,-0.1772,0,0,1,mr. F.J.M.A. Reekers,Ka,1206.0,0.4232,nee
1094,jhr. J.B. van Merlen,Lib,1391.0,0.4586,Haarlemmermeer,23/06/1891,herstemming,3718,3073,3075,3033.0,27,1.0,1517.0,2,0,1641.0,0.541,-0.08240000000000003,0,1,1,mr. F.J.M.A. Reekers,Ka(AR),1641.0,0.541,nee
1098,mr. J. Maschek,Ka,1377.0,0.3895,Katwijk,06/03/1888,algemeen,3861,3545,3546,3535.0,5,1.0,1768.0,2,0,1392.0,0.39380000000000004,-0.004300000000000026,1,1,1,J.H. Donner,AR,1392.0,0.39380000000000004,nee
1099,jhr.mr. H.A.C. de la Bassecour Caan,Lib,751.0,0.21239999999999998,Katwijk,06/03/1888,algemeen,3861,3545,3546,3535.0,5,1.0,1768.0,3,0,1392.0,0.39380000000000004,-0.18140000000000006,0,0,1,J.H. Donner,AR,1392.0,0.39380000000000004,nee
1100,mr. J. Maschek,Ka,1463.0,0.4604,Katwijk,20/03/1888,herstemming,3861,3218,3221,3178.0,35,1.0,1589.0,2,0,1715.0,0.5396,-0.07919999999999999,0,1,1,J.H. Donner,AR,1715.0,0.5396,nee
1101,A. op de Laak,Ka,1243.0,0.36590000000000006,Katwijk,09/06/1891,algemeen,4138,3419,3419,3397.0,14,1.0,1699.0,2,0,1256.0,0.3697,-0.0037999999999999146,1,1,1,J.H. Donner,AR,1256.0,0.3697,nee
1102,A. op de Laak,Ka,1428.0,0.42369999999999997,Katwijk,23/06/1891,herstemming,4138,3408,3408,3370.0,30,1.0,1685.0,2,0,1942.0,0.5763,-0.15260000000000007,0,0,1,J.H. Donner,AR,1942.0,0.5763,nee
1107,mr. J. Fortuijn Droogleever,Lib,1095.0,0.4296,Gouda,15/05/1888,tussentijds,2915,2571,2573,2549.0,12,1.0,1275.0,2,0,1447.0,0.5677,-0.1381,0,0,1,mr. O.J.E. baron van Wassenaer van Catwijck,AR(Ka),1447.0,0.5677,nee
1110,P. van der Breggen,,1070.0,0.4355,Gouda,24/11/1891,tussentijds,2985,2480,2481,2457.0,20,1.0,1229.0,2,0,1320.0,0.5372,-0.10170000000000001,0,0,1,J.P. Havelaar,,1320.0,0.5372,nee
1117,A.J.T. Hofman,Ka,874.0,0.2477,Bodegraven,06/03/1888,algemeen,3896,3539,3539,3528.0,6,1.0,1764.0,3,0,1169.0,0.33130000000000004,-0.08360000000000004,0,1,1,S. van Velzen jr.,AR,1169.0,0.33130000000000004,nee
1123,J.J. Duynstee,Ka(TT),591.0,0.2261,Bodegraven,10/04/1894,algemeen,3956,2652,2652,2614.0,34,1.0,1307.0,4,0,775.0,0.2965,-0.07039999999999999,0,1,1,C.M.E. van LÃÂ¶ben Sels,AR(VT),775.0,0.2965,nee
1138,L.W. Jansen,Ka,699.0,0.2874,Schiedam,06/03/1888,algemeen,2671,2446,2446,2432.0,11,1.0,1216.0,2,0,1099.0,0.45189999999999997,-0.16449999999999998,0,0,1,mr. J.G. Patijn,Lib,1099.0,0.45189999999999997,nee
1140,L.W. Jansen,Ka(AR),1103.0,0.4537,Schiedam,20/03/1888,herstemming,2671,2474,2474,2431.0,39,1.0,1216.0,2,0,1328.0,0.5463,-0.09260000000000002,0,1,1,mr. J.G. Patijn,Lib,1328.0,0.5463,nee
1141,jhr.mr. W. Six,,1129.0,0.4708,Schiedam,20/11/1888,tussentijds,2671,2413,2413,2398.0,14,1.0,1199.0,2,0,1265.0,0.5275,-0.05669999999999997,0,1,1,mr. A.P.R.C. baron van Borch van Verwolde,,1265.0,0.5275,nee
1144,S.A. Maas,Lib(VT),781.0,0.3815,Schiedam,10/04/1894,algemeen,2608,2085,2085,2047.0,31,1.0,1024.0,2,0,919.0,0.449,-0.0675,0,1,1,mr. O.J.H. graaf van Limburg Stirum,NC(TT),919.0,0.449,nee
1145,S.A. Maas,Lib(VT),1042.0,0.47,Schiedam,24/04/1894,herstemming,2608,2250,2250,2217.0,29,1.0,1109.0,2,0,1175.0,0.53,-0.06000000000000005,0,1,1,mr. O.J.H. graaf van Limburg Stirum,NC(TT),1175.0,0.53,nee
1152,P.C. Evers,Lib,2790.0,0.45289999999999997,Den Haag,06/03/1888,algemeen,7591,6245,6245,18481.0,164,3.0,3080.0,6,0,3077.0,0.49950000000000006,-0.046600000000000086,1,1,1,mr. L.G. Greeve,Lib,3077.0,0.49950000000000006,nee
1158,C.A. Steger,Ka(AR),2421.0,0.3851,Den Haag,09/06/1891,algemeen,8314,6369,6369,18861.0,231,3.0,3144.0,6,0,3220.0,0.5122,-0.1271,0,0,1,H.D. Guyot,Lib,3220.0,0.5122,nee
1160,mr. A.J.W. van Roijen,Lib(TT),1242.0,0.2463,Den Haag,11/05/1894,tussentijds,8494,5077,5077,5042.0,30,1.0,2521.0,3,0,2094.0,0.4153,-0.169,0,0,1,mr. J.G.S. Bevers,Ka(TT),2094.0,0.4153,nee
1164,J.G. van Schaardenburg,,1202.0,0.4611,Dordrecht,26/03/1889,tussentijds,2864,2624,2625,2607.0,10,1.0,1304.0,2,0,1402.0,0.5378000000000001,-0.07670000000000005,0,1,1,S.M.H. van Gijn,,1402.0,0.5378000000000001,nee
1171,J.J. van Tienhoven van den Boogaard,Lib,1423.0,0.4586,Gorinchem,06/03/1888,algemeen,3441,3118,3118,3103.0,12,1.0,1552.0,2,0,1674.0,0.5395,-0.08089999999999997,0,1,1,H. Seret,AR(Ka),1674.0,0.5395,nee
1172,W.F. Tak,Lib,1281.0,0.4338,Gorinchem,09/06/1891,algemeen,3391,2984,2984,2953.0,23,1.0,1477.0,2,0,1652.0,0.5594,-0.1256,0,0,1,H. Seret,AR,1652.0,0.5594,nee
1174,K. van Wijngaarden,Lib,1237.0,0.434,Sliedrecht,06/03/1888,algemeen,3344,2864,2864,2850.0,7,1.0,1425.0,2,0,1585.0,0.5561,-0.12210000000000004,0,0,1,mr. B.J.L. baron van Geer van Jutphaas,AR(Ka),1585.0,0.5561,nee
1175,J. Lels,Lib,1127.0,0.406,Sliedrecht,09/06/1891,algemeen,3384,2790,2791,2776.0,12,1.0,1388.0,2,0,1642.0,0.5915,-0.1855,0,0,1,mr. B.J.L. baron van Geer van Jutphaas,AR,1642.0,0.5915,nee
1176,J.A. van Haaften,Lib(TT),1250.0,0.4826,Sliedrecht,24/04/1894,herstemming,3438,2631,2631,2590.0,37,1.0,1295.0,2,0,1340.0,0.5174,-0.0348,1,1,1,dr. A. Kuyper,AR(VT),1340.0,0.5174,nee
1184,J.H.C. Heijse,,1153.0,0.4251,Goes,18/03/1890,tussentijds,4051,2772,2772,2712.0,39,1.0,1356.0,2,0,1548.0,0.5708,-0.1457,0,0,1,mr. L.W.C. Keuchenius,,1548.0,0.5708,nee
1185,J.H.C. Heijse,Lib,1173.0,0.4056,Goes,09/06/1891,algemeen,4022,2927,2927,2892.0,28,1.0,1446.0,2,0,1561.0,0.5398,-0.13419999999999993,0,0,1,mr. L.W.C. Keuchenius,AR,1561.0,0.5398,nee
1197,E.F.H.J. de Beaumont,,658.0,0.4128,Maastricht,15/05/1888,tussentijds,2194,1687,1688,1594.0,87,1.0,797.0,2,0,889.0,0.5577000000000001,-0.14490000000000008,0,0,1,dr. J.H.J. Schreinemacher,Ka,889.0,0.5577000000000001,nee
1199,mr. G.A.A. Tripels,,474.0,0.24359999999999998,Maastricht,28/06/1892,tussentijds,2496,1987,1987,1946.0,37,1.0,973.0,3,0,639.0,0.3284,-0.08480000000000004,0,1,1,C. Schreinemacher,,639.0,0.3284,nee
1200,G.L.D. Franquinet,,294.0,0.15109999999999998,Maastricht,28/06/1892,tussentijds,2496,1987,1987,1946.0,37,1.0,973.0,4,0,639.0,0.3284,-0.17730000000000004,0,0,1,C. Schreinemacher,,639.0,0.3284,nee
1202,G. Smeets,Lib,514.0,0.4119,Gulpen,06/03/1888,algemeen,1741,1255,1255,1248.0,3,1.0,624.0,2,0,727.0,0.5825,-0.17060000000000003,0,0,1,L.F.H.C. Ruland,Ka,727.0,0.5825,nee
1203,mr. L. Geradts,,590.0,0.3907,Roermond,18/06/1889,tussentijds,1770,1535,1536,1510.0,24,1.0,755.0,2,0,766.0,0.5073,-0.11659999999999998,0,0,1,J.E.H.W. baron van Olne,,766.0,0.5073,nee
1208,F.G. Mellink Pzn.,AR,400.0,0.2723,Amsterdam II,15/06/1897,algemeen,2250,-,1487,1469.0,18,1.0,735.0,2,0,414.0,0.2818,-0.009500000000000008,1,1,1,H.F. Groen van Waarder,VL,414.0,0.2818,nee
1209,G.A. Aalderink,Rad,213.0,0.145,Amsterdam II,15/06/1897,algemeen,2250,-,1487,1469.0,18,1.0,735.0,3,0,414.0,0.2818,-0.1368,0,0,1,H.F. Groen van Waarder,VL,414.0,0.2818,nee
1210,T.J. Weesing,Ka,180.0,0.1225,Amsterdam II,15/06/1897,algemeen,2250,-,1487,1469.0,18,1.0,735.0,4,0,414.0,0.2818,-0.1593,0,0,1,H.F. Groen van Waarder,VL,414.0,0.2818,nee
1211,A.D. de Marez Oyens,CHK,163.0,0.111,Amsterdam II,15/06/1897,algemeen,2250,-,1487,1469.0,18,1.0,735.0,5,0,414.0,0.2818,-0.1708,0,0,1,H.F. Groen van Waarder,VL,414.0,0.2818,nee
1212,F.G. Mellink Pzn.,AR(Ka),765.0,0.4725,Amsterdam II,25/06/1897,herstemming,2250,-,1634,1619.0,15,1.0,810.0,2,0,854.0,0.5275,-0.05499999999999999,0,1,1,H.F. Groen van Waarder,VL(CHK),854.0,0.5275,nee
1213,W. Hovy,AR(Ka),679.0,0.243,Amsterdam III,15/06/1897,algemeen,4566,-,2832,2794.0,38,1.0,1397.0,2,0,1015.0,0.36329999999999996,-0.12029999999999996,0,0,1,mr. A.F.K. Hartogh,Lib,1015.0,0.36329999999999996,nee
1227,G.H. Wagenaar,AR,438.0,0.1816,Amsterdam VII,15/06/1897,algemeen,3667,-,2481,2412.0,69,1.0,1206.0,3,0,901.0,0.3735,-0.1919,0,0,1,B.H. Heldt,Lib,901.0,0.3735,nee
1232,A. Harmsen jr.,CHK,205.0,0.12380000000000001,Amsterdam VIII,15/06/1897,algemeen,2462,-,1686,1656.0,30,1.0,828.0,5,0,459.0,0.2772,-0.15339999999999998,0,0,1,P. Nolting,Rad,459.0,0.2772,nee
1236,H.C. van der Houven van Oordt,Lib,2164.0,0.4454,Apeldoorn,15/06/1897,algemeen,6693,-,4946,4859.0,87,1.0,2430.0,2,0,2455.0,0.5052,-0.059799999999999964,0,1,1,mr. W.K.F.P. graaf van Bylandt,VA(Ka/AR),2455.0,0.5052,nee
1237,J. Bouwes,AR,1923.0,0.3444,Appingedam,15/06/1897,algemeen,6976,-,5690,5583.0,107,1.0,2792.0,2,0,2128.0,0.3812,-0.0368,1,1,1,J. Schepel,Lib,2128.0,0.3812,nee
1255,H.A. Pauwen,Ka,2380.0,0.30829999999999996,Doetinchem,15/06/1897,algemeen,8470,-,7847,7719.0,128,1.0,3860.0,2,0,3119.0,0.40409999999999996,-0.0958,0,1,1,mr. H.F. Hesselink van Suchtelen,Lib,3119.0,0.40409999999999996,nee
1257,H.A. Pauwen,AR(Ka),3808.0,0.4901,Doetinchem,25/06/1897,herstemming,8470,-,7874,7770.0,104,1.0,3885.0,2,0,3962.0,0.5099,-0.01980000000000004,1,1,1,mr. H.F. Hesselink van Suchtelen,Lib(CHK),3962.0,0.5099,nee
1269,H. Kamstra,AR,1098.0,0.2983,Franeker,15/06/1897,algemeen,5651,-,3822,3681.0,141,1.0,1841.0,2,0,1273.0,0.3458,-0.04749999999999999,1,1,1,F. Lieftinck,Lib,1273.0,0.3458,nee
1270,Z. Middelkoop,Rad,778.0,0.2114,Franeker,15/06/1897,algemeen,5651,-,3822,3681.0,141,1.0,1841.0,3,0,1273.0,0.3458,-0.1344,0,0,1,F. Lieftinck,Lib,1273.0,0.3458,nee
1271,H. Kamstra,AR(Ka),1961.0,0.442,Franeker,25/06/1897,herstemming,5651,-,4484,4437.0,47,1.0,2219.0,2,0,2476.0,0.5579999999999999,-0.11599999999999994,0,0,1,F. Lieftinck,Lib(CHK),2476.0,0.5579999999999999,nee
1275,H.A. le Bron de Vexela,Ka,1562.0,0.34990000000000004,Den Haag II,15/06/1897,algemeen,5834,-,4513,4464.0,49,1.0,2232.0,2,0,1777.0,0.3981,-0.048199999999999965,1,1,1,J.F.W. Conrad,VL,1777.0,0.3981,nee
1276,H.A. le Bron de Vexela,Ka(AR),2096.0,0.4376,Den Haag II,25/06/1897,herstemming,5834,-,4836,4790.0,46,1.0,2395.0,2,0,2695.0,0.5626,-0.125,0,0,1,J.F.W. Conrad,VL(CHK),2695.0,0.5626,nee
1277,J.D. baron van Wassenaer van Rosande,VA(AR),961.0,0.2386,Den Haag III,15/06/1897,algemeen,5586,-,4078,4027.0,51,1.0,2014.0,2,0,1425.0,0.3539,-0.11529999999999999,0,0,1,J.M. Pijnacker Hordijk,Lib,1425.0,0.3539,nee
1278,H.J.G. van Hoogstraten,Ka,885.0,0.2198,Den Haag III,15/06/1897,algemeen,5586,-,4078,4027.0,51,1.0,2014.0,3,0,1425.0,0.3539,-0.1341,0,0,1,J.M. Pijnacker Hordijk,Lib,1425.0,0.3539,nee
1280,J.D. baron van Wassenaer van Rosande,VA(Ka/AR),1836.0,0.43270000000000003,Den Haag III,25/06/1897,herstemming,5586,-,4264,4243.0,21,1.0,2122.0,2,0,2407.0,0.5672999999999999,-0.1345999999999999,0,0,1,J.M. Pijnacker Hordijk,Lib(CHK),2407.0,0.5672999999999999,nee
1283,mr. L.H.W. Regout,Ka,1552.0,0.43420000000000003,Gulpen,15/06/1897,algemeen,5287,-,3621,3574.0,47,1.0,1787.0,2,0,1828.0,0.5115,-0.07729999999999992,0,1,1,J.M.M.H. Merkelbach,Ka,1828.0,0.5115,nee
1286,L. Modoo,,633.0,0.19140000000000001,Haarlem,11/05/1900,tussentijds,5840,-,3398,3308.0,90,1.0,1654.0,4,0,748.0,0.2261,-0.03469999999999998,1,1,1,jhr.mr. T.A.J. van Asch van Wijck,,748.0,0.2261,nee
1287,W.A.J. van de Kamp,,268.0,0.081,Haarlem,11/05/1900,tussentijds,5840,-,3398,3308.0,90,1.0,1654.0,5,0,748.0,0.2261,-0.1451,0,0,1,jhr.mr. T.A.J. van Asch van Wijck,,748.0,0.2261,nee
1288,dr. P.J. Muller,,246.0,0.07440000000000001,Haarlem,11/05/1900,tussentijds,5840,-,3398,3308.0,90,1.0,1654.0,6,0,748.0,0.2261,-0.1517,0,0,1,jhr.mr. T.A.J. van Asch van Wijck,,748.0,0.2261,nee
1300,A. Wiersinga,AR,1380.0,0.38270000000000004,Hoogezand,15/06/1897,algemeen,5334,-,3689,3606.0,83,1.0,1803.0,2,0,1705.0,0.4728,-0.09009999999999996,0,1,1,mr. J.D. Veegens,Lib,1705.0,0.4728,nee
1305,W.C. van Munster,AR,580.0,0.14679999999999999,Leeuwarden,15/06/1897,algemeen,5366,-,3982,3950.0,32,1.0,1975.0,4,0,1213.0,0.3071,-0.1603,0,0,1,C.V. Gerritsen,Rad,1213.0,0.3071,nee
1306,J.F.H. Bekhuis,Ka,505.0,0.1278,Leeuwarden,15/06/1897,algemeen,5366,-,3982,3950.0,32,1.0,1975.0,5,0,1213.0,0.3071,-0.1793,0,0,1,C.V. Gerritsen,Rad,1213.0,0.3071,nee
1308,W. Bax,SDAP,1081.0,0.29460000000000003,Leeuwarden,27/07/1897,tussentijds,5366,-,3704,3669.0,35,1.0,1835.0,2,0,1399.0,0.38130000000000003,-0.0867,0,1,1,H. Pyttersen,Lib,1399.0,0.38130000000000003,nee
1309,W.C. van Munster,AR(Ka),856.0,0.23329999999999998,Leeuwarden,27/07/1897,tussentijds,5366,-,3704,3669.0,35,1.0,1835.0,3,0,1399.0,0.38130000000000003,-0.14800000000000005,0,0,1,H. Pyttersen,Lib,1399.0,0.38130000000000003,nee
1310,W. Bax,SDAP,1668.0,0.4622,Leeuwarden,03/08/1897,herstemming,5366,-,3663,3609.0,54,1.0,1805.0,2,0,1941.0,0.5378000000000001,-0.07560000000000006,0,1,1,H. Pyttersen,Lib(CHK),1941.0,0.5378000000000001,nee
1315,mr. J.L.G.L.P. Haex,,703.0,0.42369999999999997,Maastricht,02/03/1900,tussentijds,4549,-,1720,1659.0,61,1.0,830.0,2,0,956.0,0.5763,-0.15260000000000007,0,0,1,M. de Ras,,956.0,0.5763,nee
1333,W. Kroese,CHK,1205.0,0.2667,Sneek,15/06/1897,algemeen,6122,-,4576,4518.0,58,1.0,2259.0,3,0,1890.0,0.4183,-0.1516,0,0,1,mr. Th. Heemskerk,AR(Ka),1890.0,0.4183,nee
1340,H.A. van Beuningen,Lib,990.0,0.2146,Utrecht I,15/06/1897,algemeen,5535,-,4686,4613.0,73,1.0,2307.0,3,0,1784.0,0.38670000000000004,-0.17210000000000003,0,0,1,mr. N. de Ridder,AR(Ka),1784.0,0.38670000000000004,nee
1345,M.H.A. van der Valk,AR(Ka),1467.0,0.32780000000000004,Veendam,15/06/1897,algemeen,6320,-,4591,4475.0,116,1.0,2238.0,2,0,2325.0,0.5196000000000001,-0.19180000000000003,0,0,1,mr. E.A. Smidt,Lib,2325.0,0.5196000000000001,nee
1350,A. Wiersinga,AR,618.0,0.1444,Winschoten,15/06/1897,algemeen,6090,-,4342,4281.0,61,1.0,2141.0,4,0,1415.0,0.33049999999999996,-0.18609999999999996,0,0,1,dr. D. Bos,Lib,1415.0,0.33049999999999996,nee
1354,P. Dijkhuis,AR,436.0,0.1125,Winschoten,27/07/1897,tussentijds,6090,-,3908,3875.0,33,1.0,1938.0,4,0,1208.0,0.31170000000000003,-0.19920000000000004,0,0,1,B.L. Tijdens,Rad,1208.0,0.31170000000000003,nee
1358,H.W.C. de Jonge,AR(Ka/VA),2293.0,0.3803,Zutphen,15/06/1897,algemeen,6922,-,6149,6029.0,120,1.0,3015.0,2,0,3283.0,0.5445,-0.16419999999999996,0,0,1,mr. H. Goeman Borgesius,Lib,3283.0,0.5445,nee
1359,J. Hoven,Rad(Lib),2175.0,0.46020000000000005,Zwolle,25/06/1897,herstemming,6087,-,4798,4726.0,72,1.0,2363.0,2,0,2551.0,0.5398,-0.0795999999999999,0,1,1,A. baron van Dedem,VA(Ka/AR),2551.0,0.5398,nee
1365,R.P.J. Tutein Nolthenius,VL(Ka),1758.0,0.3586,Zutphen,14/06/1901,algemeen,6368,-,5016,4903.0,113,1.0,2452.0,2,0,2200.0,0.4487,-0.09010000000000001,0,1,1,mr. H. Goeman Borgesius,Lib,2200.0,0.4487,nee
1366,R.P.J. Tutein Nolthenius,VL(Ka/AR),2481.0,0.4633,Zutphen,27/06/1901,herstemming,6368,-,5404,5355.0,49,1.0,2678.0,2,0,2874.0,0.5367000000000001,-0.07340000000000008,0,1,1,mr. H. Goeman Borgesius,Lib(SDAP),2874.0,0.5367000000000001,nee
1378,W.B. van Liefland,Ka(AR),1862.0,0.4082,Den Haag II,14/06/1901,algemeen,6809,-,4640,4562.0,78,1.0,2281.0,2,0,2536.0,0.5559000000000001,-0.14770000000000005,0,0,1,J.F.W. Conrad,VL(Lib),2536.0,0.5559000000000001,nee
1391,F.J. van Rijswijk,Ka,610.0,0.22210000000000002,Rotterdam V,14/06/1901,algemeen,3983,-,2804,2747.0,57,1.0,1374.0,2,0,876.0,0.3189,-0.0968,0,1,1,mr. E.E. van Raalte,Lib,876.0,0.3189,nee
1392,mr. S. Muller Hzn.,Lib(VL),430.0,0.1565,Rotterdam V,14/06/1901,algemeen,3983,-,2804,2747.0,57,1.0,1374.0,3,0,876.0,0.3189,-0.16240000000000002,0,0,1,mr. E.E. van Raalte,Lib,876.0,0.3189,nee
1398,J.F.M. Sterck,Ka(AR),959.0,0.34850000000000003,Amsterdam I,14/06/1901,algemeen,4771,-,2802,2752.0,50,1.0,1376.0,2,0,1262.0,0.4586,-0.11009999999999998,0,0,1,dr. H.F.R. Hubrecht,Lib(VL),1262.0,0.4586,nee
1403,J. Deen,Lib(VL),1243.0,0.2304,Amsterdam V,14/06/1901,algemeen,7840,-,5459,5394.0,65,1.0,2697.0,2,0,2300.0,0.4264,-0.196,0,0,1,T.M. Ketelaar,VD,2300.0,0.4264,nee
1404,J. Deen,Lib(VL/AR/Ka),2806.0,0.48840000000000006,Amsterdam V,27/06/1901,herstemming,7840,-,5788,5745.0,43,1.0,2873.0,2,0,2939.0,0.5115999999999999,-0.023199999999999887,1,1,1,T.M. Ketelaar,VD(SDAP),2939.0,0.5115999999999999,nee
1405,H.W. van Marle,AR(Ka),1362.0,0.40950000000000003,Amsterdam VI,14/06/1901,algemeen,5148,-,3448,3326.0,122,1.0,1663.0,2,0,1486.0,0.4468,-0.037299999999999944,1,1,1,jhr.mr. C.J. den Tex,Lib(VL),1486.0,0.4468,nee
1406,H.W. van Marle,AR(Ka/VA),1556.0,0.4456,Amsterdam VI,27/06/1901,herstemming,5148,-,3542,3492.0,50,1.0,1746.0,2,0,1936.0,0.5544,-0.10880000000000001,0,0,1,jhr.mr. C.J. den Tex,Lib(VL/VD),1936.0,0.5544,nee
1409,A.J.C.J.S. Bergsma,Lib(VL),334.0,0.1751,Amsterdam VIII,14/06/1901,algemeen,2987,-,1992,1907.0,85,1.0,954.0,3,0,596.0,0.3125,-0.1374,0,0,1,P. Nolting,VD,596.0,0.3125,nee
1410,P.H. van Outersterp,Ka,301.0,0.1578,Amsterdam VIII,14/06/1901,algemeen,2987,-,1992,1907.0,85,1.0,954.0,4,0,596.0,0.3125,-0.1547,0,0,1,P. Nolting,VD,596.0,0.3125,nee
1418,W.A.J. van de Kamp,Ka,1480.0,0.29309999999999997,Haarlem,14/06/1901,algemeen,7133,-,5192,5050.0,142,1.0,2525.0,2,0,1778.0,0.3521,-0.05900000000000005,0,1,1,jhr.mr. F.W. van Styrum,VL(Lib),1778.0,0.3521,nee
1422,C.S. Jaring,Lib(VL),2138.0,0.4106,Den Helder,14/06/1901,algemeen,6816,-,5251,5207.0,44,1.0,2604.0,2,0,2683.0,0.5153,-0.10469999999999996,0,0,1,A.P. Staalman,AR,2683.0,0.5153,nee
1424,J.J.B. Fanoy,VA,1235.0,0.21760000000000002,Hilversum,14/06/1901,algemeen,7789,-,5800,5675.0,125,1.0,2838.0,3,0,1710.0,0.3013,-0.0837,0,1,1,mr. F.J.M.A. Reekers,Ka,1710.0,0.3013,nee
1426,dr. H. Gorter,SDAP,576.0,0.1015,Hilversum,14/06/1901,algemeen,7789,-,5800,5675.0,125,1.0,2838.0,5,0,1710.0,0.3013,-0.1998,0,0,1,mr. F.J.M.A. Reekers,Ka,1710.0,0.3013,nee
1433,J.A. de Bruijne,Lib(VL),2462.0,0.4757,Zierikzee,14/06/1901,algemeen,5919,-,5204,5175.0,29,1.0,2588.0,2,0,2713.0,0.5243,-0.04859999999999998,1,1,1,jhr.mr. J.J. Pompe van Meerdervoort,AR(Ka),2713.0,0.5243,nee
1435,mr. H.J. Doude van Troostwijk,CHK,903.0,0.1675,Breukelen,14/06/1901,algemeen,6710,-,5552,5392.0,160,1.0,2696.0,3,0,1944.0,0.3605,-0.19299999999999998,0,0,1,F.J.A.M. Wierdels,Ka,1944.0,0.3605,nee
1453,dr. H. Blink,Lib(VL),885.0,0.2701,Weststellingwerf,14/06/1901,algemeen,5228,-,3331,3276.0,55,1.0,1638.0,3,0,1222.0,0.373,-0.10289999999999999,0,0,1,G.L. van der Zwaag,SDAP,1222.0,0.373,nee
1457,mr. F.O. van der Dussen,Lib(VL),1672.0,0.4102,Kampen,14/06/1901,algemeen,5637,-,4109,4076.0,33,1.0,2038.0,2,0,2404.0,0.5898,-0.17959999999999998,0,0,1,mr. ÃÂ. baron van Mackay 2,,2404.0,0.5898,nee
1481,F.H. Boels,AR,1036.0,0.2547,Veendam,30/07/1901,tussentijds,5966,-,4124,4068.0,56,1.0,2034.0,3,0,1663.0,0.40880000000000005,-0.15410000000000007,0,0,1,mr. P.J. Troelstra,SDAP,1663.0,0.40880000000000005,nee
1483,jhr.mr. W.T. Gevers Deynoot 2,,1883.0,0.49340000000000006,Den Haag II,11/09/1902,tussentijds,7037,-,3863,3816.0,47,1.0,1908.0,2,0,1916.0,0.5021,-0.00869999999999993,1,1,1,mr. W. Dolk,,1916.0,0.5021,nee
1493,C.A. Zelvelder,,1585.0,0.2404,Alkmaar,31/03/1903,tussentijds,8414,-,6645,6592.0,53,1.0,3296.0,3,0,2645.0,0.4012,-0.1608,0,0,1,mr. G.J. Sybrandy,,2645.0,0.4012,nee
1502,jhr.mr. R.A.P. Sandberg tot Essenburg,VL,2994.0,0.39799999999999996,Apeldoorn,16/06/1905,algemeen,8869,-,7611,7522.0,89,1.0,3761.0,2,0,4147.0,0.5513,-0.15330000000000005,0,0,1,mr. W.K.F.P. graaf van Bylandt,CHP(AR),4147.0,0.5513,nee
1505,D. Brocx,Lib(VL),4042.0,0.3914,Doetinchem,16/06/1905,algemeen,10819,-,10402,10328.0,74,1.0,5164.0,2,0,5858.0,0.5672,-0.1758,0,0,1,P. van Vliet,AR(Ka/CHP),5858.0,0.5672,nee
1511,mr. ÃÂ. baron van Mackay Thzn.,CHP(Ka/AR),2678.0,0.40380000000000005,Brielle,16/06/1905,algemeen,7467,-,6696,6632.0,64,1.0,3316.0,2,0,3477.0,0.5243,-0.12049999999999994,0,0,1,A. Roodhuyzen,Lib,3477.0,0.5243,nee
1514,mr. L. van Andel,AR(Ka/CHP),3401.0,0.4924,Gorinchem,16/06/1905,algemeen,7594,-,7006,6907.0,99,1.0,3454.0,2,0,3506.0,0.5075999999999999,-0.015199999999999936,1,1,1,mr. N.G. Pierson,Lib(VL),3506.0,0.5075999999999999,nee
1521,dr. W.C.A. baron van Vredenburch,NH(Ka/AR/CHP),2572.0,0.3555,Den Haag III,16/06/1905,algemeen,9253,-,7316,7235.0,81,1.0,3618.0,2,0,3090.0,0.42710000000000004,-0.07160000000000005,0,1,1,J.C. Jansen,Lib,3090.0,0.42710000000000004,nee
1529,K.A. Warmenhoven jr.,CHP(Ka/AR),1553.0,0.40340000000000004,Rotterdam III,16/06/1905,algemeen,4600,-,3883,3850.0,33,1.0,1925.0,2,0,2093.0,0.5436,-0.14019999999999994,0,0,1,J.B. Verhey,Lib,2093.0,0.5436,nee
1534,jhr.mr. H. Smissaert,VL,2046.0,0.3481,Sliedrecht,16/06/1905,algemeen,7135,-,5991,5878.0,113,1.0,2939.0,2,0,2827.0,0.48090000000000005,-0.13280000000000003,0,0,1,mr. Th. Heemskerk,AR(Ka/CHP),2827.0,0.48090000000000005,nee
1535,jhr.mr. H. Smissaert,VL(Lib/VD),3092.0,0.486,Sliedrecht,28/06/1905,herstemming,7135,-,6430,6362.0,68,1.0,3181.0,2,0,3270.0,0.514,-0.028000000000000025,1,1,1,mr. Th. Heemskerk,AR(Ka/CHP/FCH),3270.0,0.514,nee
1541,mr. G.A.P.M. van der Aa,Ka(AR/CHP),2495.0,0.31329999999999997,Amsterdam V,16/06/1905,algemeen,10594,-,8101,7964.0,137,1.0,3982.0,2,0,3993.0,0.5014,-0.1881,0,0,1,T.M. Ketelaar,VD(Lib),3993.0,0.5014,nee
1542,jhr. C. RoÃÂ«ll,CHP(Ka/AR),1840.0,0.419,Amsterdam VI,16/06/1905,algemeen,5505,-,4450,4391.0,59,1.0,2196.0,2,0,2370.0,0.5397,-0.12069999999999997,0,0,1,mr. W.H. de Beaufort,VL(Lib),2370.0,0.5397,nee
1548,J.G. van Kuykhof,SDAP,2318.0,0.2425,Amsterdam IX,16/06/1905,algemeen,12748,-,9731,9559.0,172,1.0,4780.0,3,0,3678.0,0.3848,-0.14229999999999998,0,0,1,mr. C.T. van Deventer,VD(Lib),3678.0,0.3848,nee
1555,mr. J.N.J.E. Thijssen,Ka(AR/CHP),2219.0,0.3427,Hoorn,16/06/1905,algemeen,7578,-,6554,6475.0,79,1.0,3238.0,2,0,3431.0,0.5299,-0.18720000000000003,0,0,1,P.B.J. Ferf,Lib,3431.0,0.5299,nee
1557,J. Windhouwer,AR(Ka/CHP),1901.0,0.2754,Zaandam,16/06/1905,algemeen,8980,-,6993,6902.0,91,1.0,3451.0,3,0,2609.0,0.37799999999999995,-0.10259999999999997,0,0,1,K. de Boer,Lib(VL),2609.0,0.37799999999999995,nee
1559,H. Snijders,VD,3542.0,0.4296,Middelburg,16/06/1905,algemeen,9151,-,8335,8245.0,90,1.0,4123.0,2,0,4180.0,0.507,-0.07740000000000002,0,1,1,mr. C. Lucasse,AR(Ka/CHP),4180.0,0.507,nee
1568,T.A. Hettinga,Ka(AR/CHP),1439.0,0.2291,Leeuwarden,16/06/1905,algemeen,7553,-,6352,6280.0,72,1.0,3140.0,3,0,2270.0,0.3615,-0.1324,0,0,1,F.M. Wibaut,SDAP,2270.0,0.3615,nee
1574,dr. C.J. Niemeijer,Lib,2020.0,0.33520000000000005,Sneek,16/06/1905,algemeen,7183,-,6097,6026.0,71,1.0,3013.0,2,0,2837.0,0.4708,-0.13559999999999994,0,0,1,mr. H. Okma,AR(Ka/CHP),2837.0,0.4708,nee
1575,dr. C.J. Niemeijer,Lib(VL/VD),2774.0,0.433,Sneek,28/06/1905,herstemming,7183,-,6454,6407.0,47,1.0,3204.0,2,0,3633.0,0.5670000000000001,-0.13400000000000006,0,0,1,mr. H. Okma,AR(Ka/CHP/FCH),3633.0,0.5670000000000001,nee
1576,J. Huizinga,AR(Ka/CHP),1342.0,0.2821,Schoterland,16/06/1905,algemeen,6365,-,4817,4757.0,60,1.0,2379.0,2,0,2085.0,0.43829999999999997,-0.15619999999999995,0,0,1,G.L. van der Zwaag,SDAP,2085.0,0.43829999999999997,nee
1579,C.A. Zelvelder,VD,1246.0,0.2278,Weststellingwerf,16/06/1905,algemeen,6653,-,5503,5470.0,33,1.0,2735.0,3,0,2217.0,0.4053,-0.1775,0,0,1,F.W.N. Hugenholtz,SDAP,2217.0,0.4053,nee
1584,dr. W.J.M. Engelberts,VL,3078.0,0.4282,Ommen,16/06/1905,algemeen,8078,-,7291,7189.0,102,1.0,3595.0,2,0,4114.0,0.5722999999999999,-0.1440999999999999,0,0,1,J. van Alphen,AR(Ka/CHP),4114.0,0.5722999999999999,nee
1585,J.H. Tromp Meesters,Lib(VL),3202.0,0.49770000000000003,Steenwijk,16/06/1905,algemeen,7007,-,6500,6433.0,67,1.0,3217.0,2,0,3231.0,0.5023,-0.0045999999999999375,1,1,1,L.F. Duymaer van Twist,AR(Ka/CHP),3231.0,0.5023,nee
1591,H. de Wilde,AR(Ka/CHP),1612.0,0.2943,Hoogezand,16/06/1905,algemeen,6396,-,5534,5478.0,56,1.0,2739.0,2,0,2320.0,0.4235,-0.12919999999999998,0,0,1,K. ter Laan,SDAP,2320.0,0.4235,nee
1592,U.G. Schilthuis Jzn.,VD,1546.0,0.2822,Hoogezand,16/06/1905,algemeen,6396,-,5534,5478.0,56,1.0,2739.0,3,0,2320.0,0.4235,-0.14129999999999998,0,0,1,K. ter Laan,SDAP,2320.0,0.4235,nee
1597,J. Knoppers,CHP(Ka/AR),2495.0,0.40700000000000003,Meppel,16/06/1905,algemeen,6932,-,6196,6130.0,66,1.0,3065.0,2,0,3515.0,0.5734,-0.1664,0,0,1,mr. H. Smeenge,Lib,3515.0,0.5734,nee
1600,R.P.J. Tutein Nolthenius,NH(Ka/AR/CHP),2835.0,0.4172,Zutphen,01/08/1905,tussentijds,8175,-,6839,6795.0,44,1.0,3398.0,2,0,3035.0,0.44670000000000004,-0.029500000000000026,1,1,1,F. Lieftinck,Lib,3035.0,0.44670000000000004,nee
1601,R.P.J. Tutein Nolthenius,NH(Ka/AR),2963.0,0.4357,Zutphen,08/08/1905,herstemming,8175,-,6868,6801.0,67,1.0,3401.0,2,0,3838.0,0.5643,-0.12860000000000005,0,0,1,F. Lieftinck,Lib(SDAP),3838.0,0.5643,nee
1605,J.P. van Term,Ka(AR/CHP),1372.0,0.3713,Rotterdam V,07/09/1905,tussentijds,5431,-,3725,3695.0,30,1.0,1848.0,2,0,1829.0,0.495,-0.12369999999999998,0,0,1,P.R. Mees,VD,1829.0,0.495,nee
1607,H. Paul,,1976.0,0.3814,Leiden,26/10/1906,tussentijds,5967,-,5262,5181.0,81,1.0,2591.0,2,0,2757.0,0.5321,-0.1507,0,0,1,dr. J.T. de Visser,,2757.0,0.5321,nee
1609,dr. A. van Raalte,,1473.0,0.2304,Franeker,02/10/1907,tussentijds,7514,-,6436,6393.0,43,1.0,3197.0,3,0,2594.0,0.4058,-0.1754,0,0,1,J. van der Molen Tz.,,2594.0,0.4058,nee
1610,H.J. Versteeg,,1820.0,0.2963,Schiedam,09/10/1907,tussentijds,8083,-,6216,6142.0,74,1.0,3071.0,2,0,2914.0,0.4744,-0.17809999999999998,0,0,1,jhr.mr. D.J. de Geer,,2914.0,0.4744,nee
1611,jhr.mr. H. Smissaert,,2414.0,0.379,Sliedrecht,13/03/1908,tussentijds,8443,-,6438,6369.0,69,1.0,3185.0,2,0,3643.0,0.5720000000000001,-0.19300000000000006,0,0,1,J. van der Molen Tz.,,3643.0,0.5720000000000001,nee
1617,J. Kok,SDAP,2017.0,0.25370000000000004,Lochem,11/06/1909,algemeen,9406,-,8064,7951.0,113,1.0,3976.0,3,0,3189.0,0.4011,-0.14739999999999998,0,0,1,mr. A. baron van Heeckeren van Kell,AR(Ka/CHU),3189.0,0.4011,nee
1644,F.C.J. Netscher,VD,2245.0,0.2532,Alkmaar,11/06/1909,algemeen,10270,-,8988,8867.0,121,1.0,4434.0,3,0,3562.0,0.4017,-0.14850000000000002,0,0,1,N. Glinderman,AR(Ka/CHU),3562.0,0.4017,nee
1646,J.N. Hendrix,Ka(AR/CHU),1400.0,0.39149999999999996,Amsterdam I,11/06/1909,algemeen,5180,-,3675,3576.0,99,1.0,1788.0,2,0,1862.0,0.5207,-0.1292000000000001,0,0,1,dr. H.F.R. Hubrecht,Lib(VL),1862.0,0.5207,nee
1652,J.G. van Kuykhof,SDAP,2145.0,0.2359,Amsterdam V,11/06/1909,algemeen,12892,-,9243,9091.0,152,1.0,4546.0,3,0,3294.0,0.36229999999999996,-0.12639999999999996,0,0,1,T.M. Ketelaar,VD,3294.0,0.36229999999999996,nee
1661,mr. J.H. Thiel,VD(VL/Lib/SDAP),4283.0,0.4968,Haarlem,23/06/1909,herstemming,9807,-,8673,8622.0,51,1.0,4311.0,2,0,4339.0,0.5032,-0.006399999999999961,1,1,1,jhr.mr. F.K. van Lennep,CHU(Ka/AR),4339.0,0.5032,nee
1664,C.D. Wesseling,Ka(AR/CHU),2043.0,0.2963,Hoorn,11/06/1909,algemeen,8145,-,6957,6894.0,63,1.0,3447.0,2,0,2847.0,0.413,-0.11669999999999997,0,0,1,P.B.J. Ferf,Lib(VL),2847.0,0.413,nee
1665,H.J.C. van Tienen,Lib(VL),2571.0,0.3089,Zaandam,11/06/1909,algemeen,10269,-,8413,8323.0,90,1.0,4162.0,2,0,3456.0,0.4152,-0.1063,0,0,1,J.E.W. Duijs,SDAP,3456.0,0.4152,nee
1667,H.J.C. van Tienen,Lib(VL/VD/Ka/CHU),4013.0,0.4911,Zaandam,23/06/1909,herstemming,10269,-,8244,8171.0,73,1.0,4086.0,2,0,4158.0,0.5089,-0.017800000000000038,1,1,1,J.E.W. Duijs,SDAP,4158.0,0.5089,nee
1669,mr. P. Dieleman,AR(Ka/CHU),3274.0,0.45630000000000004,Oostburg,11/06/1909,algemeen,8488,-,7261,7175.0,86,1.0,3588.0,2,0,3612.0,0.5034000000000001,-0.04710000000000003,1,1,1,G.A. Vorsterman van Oyen,VD,3612.0,0.5034000000000001,nee
1685,H.W. Teesselink,Lib(VL),3109.0,0.4288,Ommen,11/06/1909,algemeen,9026,-,7375,7250.0,125,1.0,3625.0,2,0,4141.0,0.5711999999999999,-0.14239999999999992,0,0,1,dr. A. Kuyper,AR(CHU),4141.0,0.5711999999999999,nee
1686,mr. J. van Gilse,Lib(VL),2949.0,0.4353,Steenwijk,11/06/1909,algemeen,7550,-,6876,6775.0,101,1.0,3388.0,2,0,3826.0,0.5647,-0.12939999999999996,0,0,1,L.F. Duymaer van Twist,AR(Ka/CHU),3826.0,0.5647,nee
1688,H. Groenewout,VD,1543.0,0.2184,Appingedam,11/06/1909,algemeen,8531,-,7114,7064.0,50,1.0,3532.0,3,0,2816.0,0.3986,-0.1802,0,0,1,A. Zijlstra,AR(Ka/CHU),2816.0,0.3986,nee
1698,B. Berends,CHU(Ka/AR),2323.0,0.402,Meppel,11/06/1909,algemeen,7343,-,5877,5779.0,98,1.0,2890.0,2,0,3221.0,0.5574,-0.15539999999999998,0,0,1,mr. H. Smeenge,Lib(VL),3221.0,0.5574,nee
1699,P.M.F.H. Brouwers,Ka,2787.0,0.3992,Gulpen,11/06/1909,algemeen,8561,-,7125,6982.0,143,1.0,3491.0,2,0,4098.0,0.5869,-0.18769999999999998,0,0,1,jhr.mr. C.J.M. Ruijs de Beerenbrouck,Ka,4098.0,0.5869,nee
1703,I.A. Swane,,2265.0,0.4131,Helmond,12/07/1910,tussentijds,6939,-,5548,5483.0,65,1.0,2742.0,2,0,3218.0,0.5869,-0.17379999999999995,0,0,1,A.N. Fleskens,,3218.0,0.5869,nee
1714,J. Esmeijer,VD,3155.0,0.3715,Apeldoorn,17/06/1913,algemeen,10830,-,8811,8493.0,318,1.0,4247.0,2,0,4172.0,0.49119999999999997,-0.11969999999999997,0,0,1,mr. W.K.F.P. graaf van Bylandt,CHU(Ka/AR),4172.0,0.49119999999999997,nee
1715,J. Esmeijer,VD(VL/Lib/SDAP),5007.0,0.49560000000000004,Apeldoorn,25/06/1913,herstemming,10830,-,10157,10102.0,55,1.0,5051.0,2,0,5095.0,0.5044,-0.008799999999999919,1,1,1,mr. W.K.F.P. graaf van Bylandt,CHU(Ka/AR),5095.0,0.5044,nee
1717,L.M. Hermans,SDAP,1933.0,0.2432,Arnhem,17/06/1913,algemeen,9044,-,8006,7949.0,57,1.0,3975.0,3,0,3093.0,0.38909999999999995,-0.14589999999999995,0,0,1,mr. J.A. de Wilde,AR(Ka/CHU),3093.0,0.38909999999999995,nee
1718,H.P.J. Bloemers,Lib,4366.0,0.3635,Doetinchem,17/06/1913,algemeen,12706,-,12149,12010.0,139,1.0,6005.0,2,0,6078.0,0.5061,-0.1426,0,0,1,P. van Vliet,AR(Ka/CHU),6078.0,0.5061,nee
1723,A.W. Heijkoop,SDAP,1659.0,0.2279,Brielle,17/06/1913,algemeen,8519,-,7338,7280.0,58,1.0,3640.0,3,0,3047.0,0.41850000000000004,-0.19060000000000005,0,0,1,A. Roodhuyzen,Lib,3047.0,0.41850000000000004,nee
1725,J.H.F. van Zadelhoff,SDAP,2054.0,0.24710000000000001,Dordrecht,17/06/1913,algemeen,9867,-,8420,8311.0,109,1.0,4156.0,3,0,3506.0,0.4219,-0.17479999999999998,0,0,1,H.C. Hogerzeil,AR(Ka/CHU),3506.0,0.4219,nee
1731,C. Smeenk,AR(Ka/CHU),3682.0,0.3455,Den Haag I,17/06/1913,algemeen,13029,-,10834,10658.0,176,1.0,5329.0,2,0,4836.0,0.4537,-0.10820000000000002,0,0,1,K. ter Laan,SDAP,4836.0,0.4537,nee
1733,L. Hoejenbos,SDAP,2800.0,0.25579999999999997,Den Haag II,17/06/1913,algemeen,13635,-,11088,10946.0,142,1.0,5473.0,3,0,4380.0,0.40009999999999996,-0.14429999999999998,0,0,1,J.R. Snoeck Henkemans,CHU(Ka/AR),4380.0,0.40009999999999996,nee
1745,H. Stulemeijer,Ka(AR/CHU),1731.0,0.3685,Rotterdam III,17/06/1913,algemeen,5734,-,4769,4698.0,71,1.0,2349.0,2,0,2521.0,0.5366,-0.16809999999999997,0,0,1,J.H. Lasonder,Lib,2521.0,0.5366,nee
1751,dr. J.H. Gunning Wzn.,Lib,2678.0,0.342,Schiedam,17/06/1913,algemeen,9215,-,7917,7831.0,86,1.0,3916.0,2,0,4017.0,0.513,-0.17099999999999999,0,0,1,jhr.mr. D.J. de Geer,CHU(Ka/AR),4017.0,0.513,nee
1752,dr. W.W. van der Meulen,VL,2542.0,0.3882,Sliedrecht,17/06/1913,algemeen,8814,-,6651,6548.0,103,1.0,3274.0,2,0,3445.0,0.5261,-0.13790000000000002,0,0,1,J. van der Molen Tz.,AR(Ka/CHU),3445.0,0.5261,nee
1755,J.W. Smit,Ka(AR/CHU),1186.0,0.3043,Amsterdam I,17/06/1913,algemeen,5184,-,3962,3898.0,64,1.0,1949.0,2,0,1944.0,0.4987,-0.19439999999999996,0,0,1,dr. H.F.R. Hubrecht,Lib,1944.0,0.4987,nee
1756,J. Loopuit,SDAP,1351.0,0.35700000000000004,Amsterdam IV,17/06/1913,algemeen,4733,-,3843,3784.0,59,1.0,1892.0,2,0,2037.0,0.5383,-0.18129999999999996,0,0,1,mr. G.A. van Hamel,Lib,2037.0,0.5383,nee
1758,J. ter Haar jr.,CHU(Ka/AR),3469.0,0.2711,Amsterdam V,17/06/1913,algemeen,16136,-,13249,12796.0,453,1.0,6398.0,3,0,5304.0,0.41450000000000004,-0.14340000000000003,0,0,1,T.M. Ketelaar,VD,5304.0,0.41450000000000004,nee
1770,F.C.J. Netscher,VD,4701.0,0.4412,Enkhuizen,17/06/1913,algemeen,10937,-,10701,10655.0,46,1.0,5328.0,2,0,5463.0,0.5127,-0.07150000000000006,0,1,1,N. Oosterbaan,AR(Ka/CHU),5463.0,0.5127,nee
1774,C. Thomassen,SDAP,2171.0,0.2962,Den Helder,17/06/1913,algemeen,9031,-,7399,7330.0,69,1.0,3665.0,2,0,2778.0,0.379,-0.08279999999999998,0,1,1,mr. T.H. de Meester,Lib,2778.0,0.379,nee
1775,C. Thomassen,SDAP,2509.0,0.41850000000000004,Den Helder,25/06/1913,herstemming,9031,-,6085,5995.0,90,1.0,2998.0,2,0,3486.0,0.5815,-0.16299999999999998,0,0,1,mr. T.H. de Meester,Lib(VL/VD),3486.0,0.5815,nee
1777,C.D. Wesseling,Ka(AR/CHU),2920.0,0.3679,Hoorn,17/06/1913,algemeen,9070,-,7976,7936.0,40,1.0,3968.0,2,0,3859.0,0.4863,-0.1184,0,0,1,W.J.E.H.M. de Jong,Lib,3859.0,0.4863,nee
1778,J.G. Moojen,Lib,3206.0,0.4302,Goes,17/06/1913,algemeen,8435,-,7561,7452.0,109,1.0,3726.0,2,0,3922.0,0.5263,-0.09609999999999996,0,1,1,jhr.mr. A.F. de Savornin Lohman,CHU(Ka/AR),3922.0,0.5263,nee
1781,mr. P. Dieleman,AR(Ka/CHU),3519.0,0.41619999999999996,Oostburg,17/06/1913,algemeen,9328,-,8606,8456.0,150,1.0,4228.0,2,0,4710.0,0.557,-0.1408000000000001,0,0,1,jhr. R.R.L. de Muralt,Lib,4710.0,0.557,nee
1796,dr. P. Kohnstamm,VD,2076.0,0.3251,Weststellingwerf,17/06/1913,algemeen,7878,-,6442,6385.0,57,1.0,3193.0,2,0,2638.0,0.4132,-0.08810000000000001,0,1,1,F.W.N. Hugenholtz,SDAP,2638.0,0.4132,nee
1797,J. de Bruijn,AR(Ka/CHU),1671.0,0.26170000000000004,Weststellingwerf,17/06/1913,algemeen,7878,-,6442,6385.0,57,1.0,3193.0,3,0,2638.0,0.4132,-0.15149999999999997,0,0,1,F.W.N. Hugenholtz,SDAP,2638.0,0.4132,nee
1798,dr. P. Kohnstamm,VD(VL/Lib),2497.0,0.45539999999999997,Weststellingwerf,25/06/1913,herstemming,7878,-,5528,5483.0,45,1.0,2742.0,2,0,2986.0,0.5446,-0.0892,0,1,1,F.W.N. Hugenholtz,SDAP,2986.0,0.5446,nee
1799,J.C. baron van Haersolte,AR(Ka/CHU),2236.0,0.33159999999999995,Deventer,17/06/1913,algemeen,8431,-,6814,6744.0,70,1.0,3372.0,2,0,3573.0,0.5297999999999999,-0.1982,0,0,1,mr. H.P. Marchant,VD,3573.0,0.5297999999999999,nee
1802,J.C. de Gast,Lib,2430.0,0.34509999999999996,Kampen,17/06/1913,algemeen,8093,-,7169,7042.0,127,1.0,3521.0,2,0,3430.0,0.48710000000000003,-0.14200000000000007,0,0,1,dr. E.J. Beumer,AR(Ka/CHU),3430.0,0.48710000000000003,nee
1803,J.C. de Gast,Lib(VL/VD/SDAP),3724.0,0.4899,Kampen,25/06/1913,herstemming,8093,-,7671,7601.0,70,1.0,3801.0,2,0,3877.0,0.5101,-0.020199999999999996,1,1,1,dr. E.J. Beumer,AR(Ka/CHU),3877.0,0.5101,nee
1806,mr.dr. E. van Ketwich Verschuur,Lib,3196.0,0.4397,Steenwijk,17/06/1913,algemeen,7976,-,7372,7268.0,104,1.0,3634.0,2,0,3721.0,0.512,-0.07230000000000003,0,1,1,L.F. Duymaer van Twist,AR(Ka/CHU),3721.0,0.512,nee
1816,R. Koppe,AR(Ka/CHU),1645.0,0.2593,Hoogezand,17/06/1913,algemeen,7594,-,6434,6344.0,90,1.0,3172.0,3,0,2575.0,0.40590000000000004,-0.14660000000000006,0,0,1,H. Spiekman,SDAP,2575.0,0.40590000000000004,nee
1818,H. Snijders,VD,2272.0,0.2986,Veendam,17/06/1913,algemeen,9054,-,7707,7610.0,97,1.0,3805.0,2,0,3156.0,0.4147,-0.11610000000000004,0,0,1,mr. G.W. Sannes,SDAP,3156.0,0.4147,nee
1820,H. Snijders,VD(VL/Lib),2624.0,0.4304,Veendam,25/06/1913,herstemming,9054,-,6175,6096.0,79,1.0,3048.0,2,0,3472.0,0.5696,-0.1392,0,0,1,mr. G.W. Sannes,SDAP,3472.0,0.5696,nee
1821,L.M. Hermans,SDAP,2303.0,0.4035,Winschoten,17/06/1913,algemeen,8016,-,5772,5708.0,64,1.0,2854.0,2,0,2396.0,0.41979999999999995,-0.016299999999999926,1,1,1,dr. D. Bos,VD,2396.0,0.41979999999999995,nee
1822,L.M. Hermans,SDAP,2537.0,0.44439999999999996,Winschoten,25/06/1913,herstemming,8016,-,5745,5709.0,36,1.0,2855.0,2,0,3172.0,0.5556,-0.11120000000000002,0,0,1,dr. D. Bos,VD(VL/Lib),3172.0,0.5556,nee
1825,F. Fokkens,CHU(AR),2339.0,0.358,Meppel,17/06/1913,algemeen,7983,-,6633,6534.0,99,1.0,3267.0,2,0,3326.0,0.509,-0.15100000000000002,0,0,1,mr. H. Smeenge,Lib,3326.0,0.509,nee
1832,T. van der Waerden,SDAP,2445.0,0.4882,Hoogezand,04/08/1913,tussentijds,7594,-,5034,5008.0,26,1.0,2504.0,2,0,2563.0,0.5118,-0.02360000000000001,1,1,1,mr. P. Rink,Lib,2563.0,0.5118,nee
1833,H. Stulemeijer,,1532.0,0.4017,Rotterdam III,07/01/1914,tussentijds,5734,-,3851,3814.0,37,1.0,1907.0,2,0,1755.0,0.46009999999999995,-0.05839999999999995,0,1,1,dr. B.D. Eerdmans,,1755.0,0.46009999999999995,nee
1834,H. Stulemeijer,,1784.0,0.42710000000000004,Rotterdam III,14/01/1914,herstemming,5734,-,4215,4177.0,38,1.0,2089.0,2,0,2393.0,0.5729,-0.14579999999999993,0,0,1,dr. B.D. Eerdmans,,2393.0,0.5729,nee
1837,J. Esmeijer,,4005.0,0.389,Apeldoorn,29/02/1916,tussentijds,12078,-,10413,10296.0,117,1.0,5148.0,2,0,5737.0,0.5572,-0.16820000000000002,0,0,1,J.R. Snoeck Henkemans,,5737.0,0.5572,nee
1839,K. Stenhuis,,2776.0,0.4506,Winschoten,17/06/1916,tussentijds,8858,-,6204,6160.0,44,1.0,3080.0,2,0,3384.0,0.5494,-0.0988,0,1,1,jhr.mr.dr. E.A. van Beresteijn,,3384.0,0.5494,nee
1841,G.J.H. Peters,,979.0,0.2043,Weert,27/04/1916,tussentijds,8267,-,4917,4793.0,124,1.0,2397.0,3,0,1850.0,0.386,-0.1817,0,0,1,mr. W.F.W. Kolkman,,1850.0,0.386,nee
1843,J. Loopuit,,924.0,0.3947,Amsterdam IV,03/04/1917,tussentijds,4813,-,2496,2341.0,155,1.0,1171.0,2,0,1343.0,0.5737,-0.179,0,0,1,mr. J.A. van Hamel,,1343.0,0.5737,nee
1844,C. Thomassen,,2128.0,0.3333,Den Helder,15/05/1917,tussentijds,9953,-,6472,6385.0,87,1.0,3193.0,2,0,2264.0,0.3546,-0.02130000000000004,1,1,1,mr. P.J. Oud,,2264.0,0.3546,nee
1846,C. Thomassen,,2748.0,0.45130000000000003,Den Helder,22/05/1917,herstemming,9953,-,6227,6089.0,138,1.0,3045.0,2,0,3341.0,0.5487,-0.09739999999999993,0,1,1,mr. P.J. Oud,,3341.0,0.5487,nee
1847,dr. Z. Kamerling,,639.0,0.3542,Amsterdam II,15/06/1917,algemeen,5731,-,1957,1804.0,153,1.0,902.0,2,0,885.0,0.49060000000000004,-0.13640000000000002,0,0,1,A.H. Gerhard,SDAP,885.0,0.49060000000000004,nee
1848,dr. Z. Kamerling,AG,898.0,0.41,Amsterdam II,22/06/1917,herstemming,5731,-,2253,2190.0,63,1.0,1095.0,2,0,1292.0,0.59,-0.18,0,0,1,A.H. Gerhard,SDAP,1292.0,0.59,nee
1850,J. Schouten,,3441.0,0.3718,Rotterdam II,14/12/1917,tussentijds,17453,-,9375,9254.0,121,1.0,4627.0,2,0,3628.0,0.392,-0.020199999999999996,1,1,1,A.B. de Zeeuw,,3628.0,0.392,nee
1852,J. Schouten,,4669.0,0.49079999999999996,Rotterdam II,21/12/1917,herstemming,17453,-,9591,9513.0,78,1.0,4757.0,2,0,4844.0,0.5092,-0.018400000000000027,1,1,1,A.B. de Zeeuw,,4844.0,0.5092,nee
1854,H.J. Versteeg,,3211.0,0.4669,Schiedam,22/10/1907,herstemming,8083,-,6916,6878.0,38,1.0,3439.0,2,0,3667.0,0.5331,-0.06620000000000004,0,1,1,jhr.mr. D.J. de Geer,,3667.0,0.5331,nee
