,Unnamed: 0,Naam,Aanbevolen door,Aantal stemmen,Procentueel,District,Verkiezingdatum,Type,Omvang electoraat,Aantal stembriefjes,Aantal stemmen geldig,Aantal stemmen blanco,Aantal zetels,Kiesdrempel,Opkomst,margin
39,39,dr. P.J. Costerus,,155.0,17.07%,Sneek,30/11/1848,algemeen,1168,908,908.0,0,1.0,454,861.0,-0.2450638792102207
59,59,mr. G. Kniphorst,,47.0,5.68%,Assen,30/11/1848,algemeen,973,835,828.0,3,1.0,414,734.0,-0.26975476839237056
61,61,mr. P.W.A. Grevelink,,32.0,3.86%,Assen,30/11/1848,algemeen,973,835,828.0,3,1.0,414,734.0,-0.2901907356948229
62,62,mr. J. Tonckens,,32.0,3.86%,Assen,30/11/1848,algemeen,973,835,828.0,3,1.0,414,734.0,-0.2901907356948229
63,63,mr. C. Hiddingh,,29.0,3.50%,Assen,30/11/1848,algemeen,973,835,828.0,3,1.0,414,734.0,-0.29427792915531337
271,271,I. Collaes,,37.0,13.86%,Sittard,14/06/1849,tussentijds,596,273,267.0,2,1.0,134,260.0,-0.21923076923076923
272,272,C. Reynen,,35.0,13.11%,Sittard,14/06/1849,tussentijds,596,273,267.0,2,1.0,134,260.0,-0.22692307692307692
273,273,mr. W. Sassen,,22.0,8.24%,Sittard,14/06/1849,tussentijds,596,273,267.0,2,1.0,134,260.0,-0.27692307692307694
288,288,R.J.N. Walter,,242.0,31.72%,Grave,30/11/1848,algemeen,959,767,763.0,0,1.0,382,742.0,-0.22911051212938005
312,312,K.P. Feringa,,230.0,22.64%,Zuidhorn,15/06/1886,algemeen,1551,1020,1016.0,4,1.0,508,1010.0,-0.26435643564356437
367,367,P.H. Dijkhuis,AR,730.0,32.06%,Appingedam,15/06/1886,algemeen,3537,2299,4554.0,36,2.0,1139,4486.0,-0.1732055283102987
372,372,K. Venema,,42.0,8.42%,Winschoten,18/07/1864,tussentijds,1175,499,499.0,0,1.0,250,489.0,-0.28629856850715746
413,413,mr. P.W.A. Grevelink,,170.0,10.93%,Assen,27/08/1850,algemeen,2416,1572,3110.0,13,2.0,778,2840.0,-0.20880281690140845
414,414,mr. W. Goedkoop,,64.0,4.12%,Assen,27/08/1850,algemeen,2416,1572,3110.0,13,2.0,778,2840.0,-0.2461267605633803
415,415,A. Blom,,55.0,3.54%,Assen,27/08/1850,algemeen,2416,1572,3110.0,13,2.0,778,2840.0,-0.24929577464788732
417,417,A. van der Vlies,,28.0,1.80%,Assen,27/08/1850,algemeen,2416,1572,3110.0,13,2.0,778,2840.0,-0.25880281690140844
424,424,mr. H. Vos,,406.0,38.27%,Assen,31/05/1853,herstemming,2351,1070,1061.0,8,1.0,531,1061.0,-0.23468426013195098
448,448,D.T. Notten,,175.0,11.97%,Assen,22/01/1868,algemeen,2344,1507,2924.0,72,2.0,731,2880.0,-0.290625
506,506,mr. H. van der Kooi,,29.0,1.89%,Leeuwarden,27/08/1850,algemeen,2884,1540,3062.0,8,2.0,766,2893.0,-0.23435879709643967
557,557,U. baron van Schwartzenberg en Hohenlansberg,,383.0,16.51%,Leeuwarden,30/10/1866,algemeen,3063,2333,4641.0,21,2.0,1160,4611.0,-0.21817393190197354
563,563,U. baron van Schwartzenberg en Hohenlansberg,,301.0,13.24%,Leeuwarden,22/01/1868,algemeen,3132,2289,4547.0,23,2.0,1137,4541.0,-0.2173530059458269
596,596,H. Pierson,AR(DT),632.0,29.81%,Leeuwarden,28/10/1884,algemeen,3072,2142,4240.0,34,2.0,1060,4217.0,-0.18970832345269148
601,601,jhr.mr. P.J. van Swinderen,AR(DT),617.0,26.20%,Leeuwarden,15/06/1886,algemeen,3247,2371,4710.0,24,2.0,1178,4679.0,-0.16477879888865143
603,603,P.C.F. Frowein,,209.0,8.87%,Leeuwarden,15/06/1886,algemeen,3247,2371,4710.0,24,2.0,1178,4679.0,-0.25197691814490275
610,610,dr. P.J. Costerus,,395.0,25.40%,Sneek,27/08/1850,algemeen,2805,1576,3110.0,12,2.0,778,2831.0,-0.13811374072765806
614,614,jhr. F.J. van Eysinga,,85.0,5.47%,Sneek,27/08/1850,algemeen,2805,1576,3110.0,12,2.0,778,2831.0,-0.24761568350406216
651,651,jhr. J.A. Lycklama Ã Nijeholt,,281.0,20.29%,Sneek,10/06/1862,periodiek,2859,1397,1385.0,5,1.0,693,1370.0,-0.24452554744525548
657,657,mr. W. van Nauta Lemke,,352.0,21.90%,Sneek,14/06/1864,periodiek,2919,1617,1607.0,3,1.0,804,1584.0,-0.22285353535353536
666,666,jhr. J.A. Lycklama Ã Nijeholt,,623.0,26.31%,Sneek,30/10/1866,algemeen,2958,2381,4735.0,27,2.0,1184,4681.0,-0.1294595171971801
679,679,jhr. J.A. Lycklama Ã Nijeholt,AK,261.0,9.33%,Sneek,08/06/1869,periodiek,3989,2817,5593.0,37,2.0,1398,5563.0,-0.22757504943375875
681,681,C.J. de Bordes,,708.0,27.04%,Sneek,13/06/1871,periodiek,4111,2630,2618.0,9,1.0,1309,2548.0,-0.2727629513343799
694,694,A. Brummelkamp sr.,AR,929.0,31.90%,Sneek,12/06/1877,periodiek,4421,2968,5825.0,105,2.0,1456,5789.0,-0.17515978580065641
712,712,jhr. A. Lycklama Ã Nijeholt,AR(DT),1734.0,43.76%,Sneek,28/10/1884,algemeen,4698,3987,11888.0,55,3.0,1981,11857.0,-0.038205279581681705
750,750,jhr. J.A. Lycklama Ã Nijeholt,,447.0,39.07%,Dokkum,25/01/1859,tussentijds,2405,1148,1144.0,2,1.0,572,1085.0,-0.17603686635944701
777,777,mr. W. van Nauta Lemke,,203.0,11.47%,Dokkum,30/10/1866,algemeen,2397,1790,3541.0,31,2.0,885,3486.0,-0.22547332185886404
778,778,jhr.mr. C.L. van Beijma,,136.0,7.68%,Dokkum,30/10/1866,algemeen,2397,1790,3541.0,31,2.0,885,3486.0,-0.24469305794607
779,779,jhr.mr. L.H. van Asch van Wijck,,84.0,4.74%,Dokkum,30/10/1866,algemeen,2397,1790,3541.0,31,2.0,885,3486.0,-0.259609868043603
780,780,jhr.mr. J.M. van Beijma,,56.0,3.16%,Dokkum,30/10/1866,algemeen,2397,1790,3541.0,31,2.0,885,3486.0,-0.2676419965576592
785,785,jhr. J.A. Lycklama Ã Nijeholt,,151.0,8.60%,Dokkum,22/01/1868,algemeen,2460,1774,3513.0,27,2.0,878,3505.0,-0.25449358059914406
801,801,A. Brummelkamp sr.,AR,704.0,39.42%,Dokkum,12/06/1877,periodiek,2764,1794,1786.0,7,1.0,893,1777.0,-0.2076533483398987
826,826,P.C.F. Frowein,,44.0,1.90%,Dokkum,15/06/1886,algemeen,2818,2331,4620.0,34,2.0,1155,4589.0,-0.27979952059272173
837,837,mr. J.A.G. de Vos van Steenwijk,,125.0,16.32%,Steenwijk,20/02/1851,tussentijds,1503,773,766.0,3,1.0,383,725.0,-0.21655172413793103
853,853,J. Zeehuizen,,174.0,30.80%,Steenwijk,12/06/1860,periodiek,1365,583,565.0,7,1.0,283,553.0,-0.2603978300180832
857,857,J. Meesters,,144.0,27.17%,Steenwijk,14/06/1864,periodiek,1419,536,530.0,4,1.0,265,502.0,-0.2868525896414343
889,889,mr. A. de Pinto,,252.0,13.31%,Zwolle,27/08/1850,algemeen,2439,1923,3787.0,46,2.0,947,3607.0,-0.13806487385639035
891,891,mr. P.M. van Goens,,63.0,3.33%,Zwolle,27/08/1850,algemeen,2439,1923,3787.0,46,2.0,947,3607.0,-0.1904629886332132
892,892,mr. W.G. Hovy,,52.0,2.75%,Zwolle,27/08/1850,algemeen,2439,1923,3787.0,46,2.0,947,3607.0,-0.19351261436096479
916,916,jhr.mr. F. van Hogendorp,,373.0,34.35%,Zwolle,08/06/1858,periodiek,2948,1101,1086.0,12,1.0,543,1052.0,-0.2908745247148289
926,926,mr. W.G. Hovy,,142.0,9.52%,Zwolle,09/04/1861,tussentijds,2973,1504,1491.0,11,1.0,746,1464.0,-0.2336065573770492
933,933,mr. W.G. Hovy,,172.0,12.15%,Zwolle,10/06/1862,periodiek,3085,1424,1416.0,4,1.0,708,1403.0,-0.24376336421952957
1013,1013,J.T. Roessingh Udink,,159.0,11.41%,Almelo,17/05/1853,algemeen,1651,1397,2787.0,7,2.0,697,2762.0,-0.22375090514120202
1048,1048,mr. A.H.W. van Wulften Palten,,74.0,5.16%,Almelo,30/10/1866,algemeen,1844,1479,2870.0,80,2.0,718,2800.0,-0.20785714285714285
1145,1145,jhr.mr. P.J. Teding van Berkhout,,415.0,21.61%,Deventer,30/10/1866,algemeen,2631,1985,3841.0,115,2.0,960,3766.0,-0.13436006372809348
1147,1147,J.A. van de Velde,,394.0,20.52%,Deventer,30/10/1866,algemeen,2631,1985,3841.0,115,2.0,960,3766.0,-0.13993627190653213
1148,1148,M.D. van Otterloo,,157.0,8.18%,Deventer,30/10/1866,algemeen,2631,1985,3841.0,115,2.0,960,3766.0,-0.20286776420605418
1149,1149,mr. H.C. Dubois,,36.0,1.87%,Deventer,30/10/1866,algemeen,2631,1985,3841.0,115,2.0,960,3766.0,-0.23499734466277217
1155,1155,E. baron van Lynden,,665.0,36.37%,Deventer,22/01/1868,algemeen,2719,1842,3657.0,21,2.0,914,3620.0,-0.10773480662983426
1189,1189,C. baron van Hövell,(DT)*,736.0,24.19%,Deventer,15/06/1886,algemeen,3470,3059,6086.0,24,2.0,1522,6075.0,-0.17580246913580247
1190,1190,mr. P.F. Besier,AR,447.0,14.69%,Deventer,15/06/1886,algemeen,3470,3059,6086.0,24,2.0,1522,6075.0,-0.2233744855967078
1301,1301,J.B. Dericks,(DT)*,650.0,19.97%,Zutphen,01/09/1887,algemeen,3727,3276,6510.0,34,2.0,1628,6480.0,-0.1638888888888889
1314,1314,E.L. baron van Voorst tot Voorst,,208.0,12.21%,Arnhem,24/09/1850,tussentijds,2361,1723,3407.0,27,2.0,852,3305.0,-0.17791225416036308
1316,1316,G.A. de Fokker,,52.0,3.05%,Arnhem,24/09/1850,tussentijds,2361,1723,3407.0,27,2.0,852,3305.0,-0.22511346444780636
1344,1344,mr. C.P. Henny,,601.0,38.95%,Arnhem,02/05/1865,tussentijds,2892,1585,1543.0,31,1.0,772,1517.0,-0.20764667106130522
1421,1421,J.W. Losecaat Vermeer,,398.0,21.75%,Nijmegen,27/08/1850,algemeen,2308,1862,3659.0,18,2.0,915,3506.0,-0.2549914432401597
1430,1430,jhr. C.E.J.F. van Nispen van Pannerden,,614.0,28.08%,Nijmegen,17/05/1853,algemeen,2552,2207,4373.0,15,2.0,1093,4319.0,-0.1875434128270433
1440,1440,mr. W.C.C. Sassen jr.,,784.0,38.54%,Nijmegen,10/06/1862,periodiek,2536,2065,2034.0,17,1.0,1017,3952.0,-0.10905870445344129
1442,1442,mr. A. Schouten,,787.0,38.73%,Nijmegen,10/06/1862,tussentijds,2536,2060,2032.0,24,1.0,1016,3952.0,-0.1082995951417004
1455,1455,mr. W.J. Triebels,,359.0,26.12%,Nijmegen,22/01/1868,algemeen,2497,1402,2749.0,39,2.0,687,2697.0,-0.24582869855394884
1476,1476,mr. W.J.J.G. Most,,413.0,21.92%,Nijmegen,12/06/1883,tussentijds,2964,1926,1884.0,20,1.0,942,3672.0,-0.28513071895424835
1484,1484,mr. W.J.J.G. Most,(AH)*,355.0,19.81%,Nijmegen,28/10/1884,algemeen,2929,1807,3584.0,30,2.0,896,3489.0,-0.29951275437087993
1488,1488,mr. M.A. van Roggen,(AH)*,507.0,23.24%,Nijmegen,15/06/1886,algemeen,3161,2205,4363.0,43,2.0,1091,4294.0,-0.264089427107592
1505,1505,D.C. Steyn Parvé,,108.0,11.49%,Tiel,09/11/1852,tussentijds,1441,946,940.0,6,1.0,470,925.0,-0.22702702702702704
1506,1506,jhr. P.A. Reuchlin,,74.0,7.87%,Tiel,09/11/1852,tussentijds,1441,946,940.0,6,1.0,470,925.0,-0.2637837837837838
1556,1556,P.A.C.H.T.A. Werdmüller von Elgg,,586.0,39.86%,Tiel,17/04/1877,tussentijds,3108,1494,1470.0,21,1.0,735,1430.0,-0.12097902097902098
1583,1583,mr. J.J. van den Hagen van den Heuvel,,100.0,4.30%,Amersfoort,27/08/1850,algemeen,2935,2364,4650.0,22,2.0,1163,4450.0,-0.24921348314606742
1584,1584,mr. J. Ackersdijk,,98.0,4.22%,Amersfoort,27/08/1850,algemeen,2935,2364,4650.0,22,2.0,1163,4450.0,-0.2496629213483146
1586,1586,mr. H.A. Laan,,53.0,2.28%,Amersfoort,27/08/1850,algemeen,2935,2364,4650.0,22,2.0,1163,4450.0,-0.2597752808988764
1621,1621,mr. A.G.J. baron van Taets van Amerongen,,91.0,7.36%,Amersfoort,24/04/1860,tussentijds,2763,1266,1236.0,6,1.0,618,1197.0,-0.2807017543859649
1643,1643,jhr.mr. L.H. van Asch van Wijck,,490.0,22.05%,Amersfoort,30/10/1866,algemeen,2804,2241,4445.0,29,2.0,1111,4348.0,-0.19871205151793928
1647,1647,mr. W.F.H. baron van Wassenaer van den Briellard,,65.0,2.92%,Amersfoort,30/10/1866,algemeen,2804,2241,4445.0,29,2.0,1111,4348.0,-0.29645814167433304
1648,1648,mr. J. Schimmel,,56.0,2.52%,Amersfoort,30/10/1866,algemeen,2804,2241,4445.0,29,2.0,1111,4348.0,-0.2985280588776449
1698,1698,jhr.mr. J.E. Huydecoper van Nigtevecht,(AH)*,861.0,32.20%,Amersfoort,15/06/1886,algemeen,3650,2698,5348.0,34,2.0,1337,5318.0,-0.17638209853328318
1699,1699,mr. F.A.R.A. baron van Ittersum,(AH)*,855.0,31.97%,Amersfoort,15/06/1886,algemeen,3650,2698,5348.0,34,2.0,1337,5318.0,-0.17751034223392254
1701,1701,jhr.mr. J.E. Huydecoper van Nigtevecht,,662.0,26.42%,Amersfoort,20/07/1886,tussentijds,3650,2516,2506.0,3,1.0,1253,2506.0,-0.23663208300079808
1705,1705,jhr.mr. J.E. Huydecoper van Nigtevecht,,365.0,18.54%,Amersfoort,01/09/1887,algemeen,3624,2004,3938.0,58,2.0,985,3694.0,-0.28072550081212777
1706,1706,mr. F.A.R.A. baron van Ittersum,,347.0,17.62%,Amersfoort,01/09/1887,algemeen,3624,2004,3938.0,58,2.0,985,3694.0,-0.2855982674607472
1715,1715,jhr.mr. P.A.M. van Oosthuijse van Rijckevorsel van Rijsenburg,,527.0,27.20%,Utrecht,17/05/1853,algemeen,2599,1958,3875.0,19,2.0,969,3793.0,-0.11204851041392037
1749,1749,mr. S.J. van Geuns,,480.0,22.01%,Utrecht,30/10/1866,algemeen,2944,2212,4362.0,48,2.0,1091,4177.0,-0.11778788604261432
1750,1750,mr. W.R. baron van Tuyll van Serooskerke,,442.0,20.27%,Utrecht,30/10/1866,algemeen,2944,2212,4362.0,48,2.0,1091,4177.0,-0.12688532439549915
1753,1753,E.H. Kol,,42.0,1.93%,Utrecht,30/10/1866,algemeen,2944,2212,4362.0,48,2.0,1091,4177.0,-0.22264783337323438
1754,1754,J.L. Bernhardi,,33.0,1.51%,Utrecht,30/10/1866,algemeen,2944,2212,4362.0,48,2.0,1091,4177.0,-0.22480248982523343
1760,1760,mr. S.J. van Geuns,,361.0,23.57%,Utrecht,22/01/1868,algemeen,3016,1575,3063.0,79,2.0,766,2901.0,-0.21371940710099965
1798,1798,jhr.mr. J.H. Hora Siccama,AR,649.0,30.49%,Utrecht,28/10/1884,algemeen,3048,2372,4257.0,485,2.0,1064,4240.0,-0.11910377358490566
1799,1799,mr. J.J.I. Harte van Tecklenburg,(DT)*,549.0,25.79%,Utrecht,28/10/1884,algemeen,3048,2372,4257.0,485,2.0,1064,4240.0,-0.14268867924528303
1813,1813,A.L. van Tienen,,95.0,7.32%,Hilversum,26/02/1878,tussentijds,1827,1303,1297.0,2,1.0,649,1292.0,-0.29102167182662536
1825,1825,jhr.mr. J.E. Huydecoper van Nigtevecht,(AH)*,606.0,37.41%,Hilversum,28/10/1884,algemeen,2225,1625,1620.0,2,1.0,810,1610.0,-0.24720496894409938
1827,1827,C.J. Hacke van Mijnden,(AH)*,770.0,39.67%,Hilversum,15/06/1886,algemeen,2370,1946,1941.0,2,1.0,971,1930.0,-0.20207253886010362
1829,1829,C.J. Hacke van Mijnden,,539.0,35.23%,Hilversum,01/09/1887,algemeen,2453,1543,1530.0,9,1.0,765,1525.0,-0.29311475409836063
1865,1865,P. Bruining,,109.0,30.11%,Amsterdam III,30/11/1848,algemeen,461,370,362.0,3,1.0,181,322.0,-0.2919254658385093
1875,1875,P.C. Gülcher,,111.0,35.69%,Amsterdam IV,14/12/1848,herstemming,437,311,311.0,0,1.0,156,311.0,-0.2861736334405145
1890,1890,J. Donker Hzn.,,140.0,6.24%,Hoorn,27/08/1850,algemeen,3430,2283,4489.0,37,2.0,1122,4311.0,-0.27348643006263046
1893,1893,S. de Vries,,49.0,2.18%,Hoorn,27/08/1850,algemeen,3430,2283,4489.0,37,2.0,1122,4311.0,-0.294595221526328
1896,1896,J.D. Kruseman,,150.0,9.14%,Hoorn,20/04/1852,tussentijds,3430,1661,1642.0,9,1.0,821,1564.0,-0.26918158567774936
1897,1897,S. de Vries,,136.0,8.28%,Hoorn,20/04/1852,tussentijds,3430,1661,1642.0,9,1.0,821,1564.0,-0.2781329923273657
1904,1904,J. Donker Hzn.,,669.0,37.63%,Hoorn,08/06/1852,periodiek,3418,1793,1778.0,5,1.0,889,1736.0,-0.14285714285714285
1909,1909,J. Donker Hzn.,,659.0,28.94%,Hoorn,17/05/1853,algemeen,3425,2305,4554.0,36,2.0,1139,4431.0,-0.08417964342134958
1911,1911,P. Buijskes,,145.0,6.37%,Hoorn,17/05/1853,algemeen,3425,2305,4554.0,36,2.0,1139,4431.0,-0.20018054615211014
1927,1927,H. Koomen,,159.0,11.39%,Hoorn,30/07/1858,tussentijds,3679,1409,1396.0,4,1.0,698,1306.0,-0.2679938744257274
1948,1948,H. Raat,,80.0,6.81%,Hoorn,14/06/1864,periodiek,3368,1188,1175.0,7,1.0,588,1100.0,-0.22818181818181818
1949,1949,mr. D. Visser,,77.0,6.55%,Hoorn,14/06/1864,periodiek,3368,1188,1175.0,7,1.0,588,1100.0,-0.2309090909090909
1950,1950,mr. J. de Neufville,,70.0,5.96%,Hoorn,14/06/1864,periodiek,3368,1188,1175.0,7,1.0,588,1100.0,-0.23727272727272727
1951,1951,mr. L.F.C. Gasinjet,,48.0,4.09%,Hoorn,14/06/1864,periodiek,3368,1188,1175.0,7,1.0,588,1100.0,-0.25727272727272726
1968,1968,mr. H.J. Koenen,,43.0,1.89%,Hoorn,30/10/1866,algemeen,3489,2305,4558.0,38,2.0,1140,4408.0,-0.2472776769509982
1974,1974,A.S. van Nierop,,760.0,33.82%,Hoorn,22/01/1868,algemeen,3591,2273,4494.0,36,2.0,1124,4419.0,-0.1500339443312967
2025,2025,W.J.C. Waterschoot van der Gracht,,255.0,13.00%,Alkmaar,27/08/1850,algemeen,2833,1979,3922.0,20,2.0,981,3781.0,-0.2697699021422904
2180,2180,E. baron van Lynden,,194.0,11.04%,Haarlem,30/10/1866,algemeen,2507,1775,3516.0,16,2.0,879,3447.0,-0.161589788221642
2205,2205,A. van Lennep,(DT)*,568.0,40.80%,Haarlem,08/06/1869,periodiek,2426,1408,1392.0,14,1.0,696,1430.0,-0.2055944055944056
2225,2225,dr. C.G. von Reeken,(AH)*,395.0,32.24%,Haarlem,10/06/1879,periodiek,2784,1263,1225.0,34,1.0,613,1192.0,-0.2751677852348993
2243,2243,M.W. van der Aa,(DT)*,428.0,21.30%,Haarlem,28/10/1884,algemeen,3111,2068,4018.0,108,2.0,1005,3948.0,-0.11018237082066869
2251,2251,M.W. van der Aa,(DT)*,689.0,30.47%,Haarlem,15/06/1886,algemeen,3392,2289,4523.0,37,2.0,1131,4466.0,-0.14442454097626511
2262,2262,dr. E.C. Büchner,,478.0,20.82%,Amsterdam,27/08/1850,algemeen,3525,2315,11479.0,86,5.0,1148,11047.0,-0.06037838327147642
2264,2264,mr. J.W. van Romunde,,276.0,12.02%,Amsterdam,27/08/1850,algemeen,3525,2315,11479.0,86,5.0,1148,11047.0,-0.07866389064904498
2291,2291,mr. H.J. Koenen,,503.0,21.35%,Amsterdam,17/05/1853,algemeen,3873,2362,11779.0,21,5.0,1178,11678.0,-0.041359821887309474
2293,2293,A. van Geuns,,53.0,2.25%,Amsterdam,17/05/1853,algemeen,3873,2362,11779.0,21,5.0,1178,11678.0,-0.07989381743449221
2294,2294,W.C. van Vollenhoven,,49.0,2.08%,Amsterdam,17/05/1853,algemeen,3873,2362,11779.0,21,5.0,1178,11678.0,-0.08023634183935606
2313,2313,dr. E.C. Büchner,,259.0,16.33%,Amsterdam,13/06/1854,periodiek,3873,1601,4757.0,28,3.0,793,4714.0,-0.1075519728468392
2321,2321,R.D. Wolterbeek,,341.0,23.58%,Amsterdam,10/06/1856,periodiek,4086,1455,2892.0,14,2.0,723,2836.0,-0.16854724964739068
2329,2329,jhr.mr. F. van Hogendorp,,57.0,4.70%,Amsterdam,08/06/1858,periodiek,4033,1218,3638.0,10,3.0,606,3556.0,-0.18250843644544432
2347,2347,jhr.mr. P.J. Teding van Berkhout,,144.0,10.60%,Amsterdam,12/06/1860,periodiek,4318,1365,1358.0,30,1.0,679,4024.0,-0.27037773359840955
2348,2348,E.W. Cramerus,,143.0,10.53%,Amsterdam,12/06/1860,periodiek,4318,1365,1358.0,30,1.0,679,4024.0,-0.2706262425447316
2361,2361,J. van Eik,,125.0,7.16%,Amsterdam,14/06/1864,periodiek,4441,1762,5240.0,22,3.0,873,5186.0,-0.1355572695719244
2367,2367,D.A. van Heemskerk Veeckens,,553.0,35.04%,Amsterdam,03/11/1864,tussentijds,4441,1604,1578.0,24,1.0,789,1528.0,-0.2761780104712042
2386,2386,mr. H.J. Koenen,,309.0,9.33%,Amsterdam,30/10/1866,algemeen,4249,3341,19871.0,109,6.0,1656,19738.0,-0.05557807275306515
2389,2389,J. van Eik,,299.0,9.03%,Amsterdam,30/10/1866,algemeen,4249,3341,19871.0,109,6.0,1656,19738.0,-0.05608470969703111
2390,2390,mr. C.F. Gülcher,,277.0,8.36%,Amsterdam,30/10/1866,algemeen,4249,3341,19871.0,109,6.0,1656,19738.0,-0.057199310973756204
2391,2391,C.P. van Eeghen,,77.0,2.33%,Amsterdam,30/10/1866,algemeen,4249,3341,19871.0,109,6.0,1656,19738.0,-0.06733204985307528
2417,2417,G.C.C. Pels Rijcken,AK/DT/DZH,767.0,32.36%,Amsterdam,08/06/1869,periodiek,3964,2384,7110.0,24,3.0,1185,7079.0,-0.08376889391156943
2418,2418,H.A. Hartogh,AK/DT/DZH,721.0,30.42%,Amsterdam,08/06/1869,periodiek,3964,2384,7110.0,24,3.0,1185,7079.0,-0.0902669868625512
2421,2421,J. van Eik,,84.0,3.54%,Amsterdam,08/06/1869,periodiek,3964,2384,7110.0,24,3.0,1185,7079.0,-0.18025144794462494
2437,2437,M.D. van Otterloo,,92.0,3.82%,Amsterdam,13/06/1871,periodiek,3959,2424,7223.0,43,3.0,1204,7193.0,-0.14750451828166272
2452,2452,A.J.H. van der Toorn,,378.0,24.47%,Amsterdam,10/06/1873,periodiek,4019,1691,4635.0,435,3.0,773,4610.0,-0.09891540130151844
2455,2455,W. von Wrangel auf Lindenberg,AR,166.0,10.74%,Amsterdam,10/06/1873,periodiek,4019,1691,4635.0,435,3.0,773,4610.0,-0.14490238611713666
2464,2464,W. von Wrangel auf Lindenberg,AR,142.0,5.87%,Amsterdam,08/06/1875,periodiek,4178,2432,7261.0,29,3.0,1210,7228.0,-0.16768123962368567
2474,2474,W. von Wrangel auf Lindenberg,AR,93.0,6.11%,Amsterdam,12/06/1877,periodiek,4195,1543,4564.0,65,3.0,761,4513.0,-0.23576335032129403
2544,2544,mr. A.W. van Beeck Calkoen,AR(DT),777.0,23.07%,Amsterdam,28/10/1884,algemeen,5595,3553,23580.0,1207,7.0,1684,23468.0,-0.04742628259757968
2564,2564,P.H. Smithuijzen,(DT)*,605.0,18.36%,Amsterdam,15/06/1886,algemeen,6059,3333,23069.0,248,7.0,1648,22981.0,-0.07366955310909012
2589,2589,mr. J.P. Amersfoordt,(AH)*,144.0,15.96%,Haarlemmermeer,08/06/1869,periodiek,1282,909,902.0,2,1.0,451,894.0,-0.26733780760626397
2626,2626,S. Piek,,29.0,1.49%,Leiden,27/08/1850,algemeen,2646,1997,3887.0,73,2.0,972,3726.0,-0.23483628556092323
2653,2653,mr. A. Jongkindt Coninck,,92.0,6.14%,Leiden,18/08/1857,tussentijds,2824,1515,1498.0,10,1.0,749,1464.0,-0.2718579234972678
2668,2668,mr. D.T. Siegenbeek,,663.0,39.46%,Leiden,14/06/1864,periodiek,2654,1689,1680.0,8,1.0,840,1666.0,-0.20408163265306123
2681,2681,C. de Graaf,,36.0,1.92%,Leiden,30/10/1866,algemeen,2643,1957,3741.0,37,2.0,935,3652.0,-0.27491785323110624
2731,2731,D. Hartevelt,(AH)*,852.0,35.73%,Leiden,28/10/1884,algemeen,3141,2406,4769.0,31,2.0,1192,4755.0,-0.138801261829653
2760,2760,dr. E.C. Büchner,,185.0,9.62%,Gouda,27/08/1850,algemeen,2881,1956,3847.0,49,2.0,962,3734.0,-0.17755757900374933
2801,2801,mr. P.F. Hubrecht,,603.0,32.72%,Gouda,10/06/1862,periodiek,3289,1847,1843.0,3,1.0,922,1817.0,-0.26252063841496975
2813,2813,J.L. Bernhardi,,168.0,6.48%,Gouda,30/10/1866,algemeen,3528,2637,5189.0,65,2.0,1297,5089.0,-0.21477696993515424
2814,2814,mr. W.R. baron van Tuyll van Serooskerke,,151.0,5.82%,Gouda,30/10/1866,algemeen,3528,2637,5189.0,65,2.0,1297,5089.0,-0.21811750835134605
2822,2822,J.L. Bernhardi,,59.0,2.95%,Gouda,22/01/1868,algemeen,3548,2010,3999.0,21,2.0,1000,3973.0,-0.2383589227284168
2823,2823,mr. W.R. baron van Tuyll van Serooskerke,,41.0,2.05%,Gouda,22/01/1868,algemeen,3548,2010,3999.0,21,2.0,1000,3973.0,-0.24288950415303298
2863,2863,mr. W. Thorbecke,(AH)*,999.0,37.70%,Gouda,12/06/1883,periodiek,3874,2658,2650.0,7,1.0,1325,2645.0,-0.2446124763705104
2865,2865,mr. W. Thorbecke,,871.0,36.91%,Gouda,30/10/1883,tussentijds,3874,2366,2360.0,4,1.0,1180,2355.0,-0.2602972399150743
2882,2882,P. Loopuyt,,35.0,1.89%,Delft,27/08/1850,algemeen,2548,1901,3697.0,47,2.0,924,3367.0,-0.23106623106623106
2897,2897,mr. A.M. de Rouville,,705.0,33.49%,Delft,17/05/1853,algemeen,2556,2124,4210.0,18,2.0,1053,4126.0,-0.10736791080950073
2926,2926,D.J. Ammerlaan,,161.0,7.49%,Delft,30/10/1866,algemeen,2759,2169,4297.0,42,2.0,1074,4174.0,-0.17393387637757546
2927,2927,J. van Woerden,,109.0,5.07%,Delft,30/10/1866,algemeen,2759,2169,4297.0,42,2.0,1074,4174.0,-0.18639195016770485
2938,2938,mr. C.C.E. d' Engelbronner,,41.0,2.12%,Delft,22/01/1868,algemeen,2842,1970,3864.0,68,2.0,966,3727.0,-0.21625972632143817
2957,2957,W. von Wrangel auf Lindenberg,AR,491.0,19.32%,Delft,08/06/1875,periodiek,2995,2550,2541.0,7,1.0,1271,2533.0,-0.24674299249901302
2962,2962,W. von Wrangel auf Lindenberg,AR,397.0,17.18%,Delft,12/06/1877,periodiek,3175,2333,2311.0,21,1.0,1156,2299.0,-0.2466289691170074
2999,2999,J.H.C. van der Kun,,167.0,15.00%,Rotterdam,27/08/1850,algemeen,1659,1138,2227.0,31,2.0,557,2132.0,-0.21482176360225141
3000,3000,P.H. Tromp,,32.0,2.87%,Rotterdam,27/08/1850,algemeen,1659,1138,2227.0,31,2.0,557,2132.0,-0.2781425891181989
3001,3001,P. van Swieten,,21.0,1.89%,Rotterdam,27/08/1850,algemeen,1659,1138,2227.0,31,2.0,557,2132.0,-0.28330206378986866
3032,3032,mr. E.J.A. graaf van Bylandt,,148.0,8.50%,Rotterdam,25/02/1862,tussentijds,3030,1767,1742.0,19,1.0,871,3338.0,-0.2896944278010785
3057,3057,J. Voorhoeve H Czn.,,364.0,16.42%,Rotterdam,30/10/1866,algemeen,2935,2237,6651.0,40,3.0,1109,6455.0,-0.14841208365608055
3058,3058,mr. G. Mees Azn.,,286.0,12.90%,Rotterdam,30/10/1866,algemeen,2935,2237,6651.0,40,3.0,1109,6455.0,-0.16049573973663828
3066,3066,F. s' Jacob,,786.0,34.09%,Rotterdam,22/01/1868,algemeen,2994,2333,6917.0,54,3.0,1153,6881.0,-0.07368115099549484
3067,3067,mr. A.A. Weve,,452.0,19.60%,Rotterdam,22/01/1868,algemeen,2994,2333,6917.0,54,3.0,1153,6881.0,-0.1222206074698445
3070,3070,A. Rueb,,169.0,7.33%,Rotterdam,22/01/1868,algemeen,2994,2333,6917.0,54,3.0,1153,6881.0,-0.16334835053044616
3071,3071,R. Baelde,,64.0,2.78%,Rotterdam,22/01/1868,algemeen,2994,2333,6917.0,54,3.0,1153,6881.0,-0.17860776049992733
3115,3115,G.H. van Soest,,50.0,2.78%,Rotterdam,10/06/1879,periodiek,3462,1947,3596.0,296,2.0,899,3541.0,-0.21575826037842416
3122,3122,J. Voorhoeve H Czn.,,315.0,16.66%,Rotterdam,24/08/1880,tussentijds,3551,1907,1891.0,13,1.0,946,1867.0,-0.26245313336904125
3128,3128,J.G. van den Bergh,(DT)*,544.0,28.07%,Rotterdam,14/06/1881,periodiek,3642,1960,1938.0,22,1.0,969,3834.0,-0.12050078247261346
3143,3143,mr. G. Bahlmann,(DT)*,570.0,22.96%,Rotterdam,28/10/1884,algemeen,3715,2509,9930.0,98,4.0,1241,9876.0,-0.09507897934386392
3150,3150,J.M. Voorhoeve,AR,396.0,15.95%,Rotterdam,28/10/1884,algemeen,3715,2509,9930.0,98,4.0,1241,9876.0,-0.11269744835965978
3168,3168,J.J.G. Nollet,(DT)*,390.0,24.09%,Rotterdam,01/09/1887,algemeen,3755,1634,6476.0,60,4.0,810,6391.0,-0.09419496166484119
3169,3169,J.M. Voorhoeve,AR,201.0,12.42%,Rotterdam,01/09/1887,algemeen,3755,1634,6476.0,60,4.0,810,6391.0,-0.12376779846659365
3171,3171,mr. A.W. van Beeck Calkoen,AR,200.0,12.35%,Rotterdam,01/09/1887,algemeen,3755,1634,6476.0,60,4.0,810,6391.0,-0.12392426850258176
3199,3199,E. van der Oudermeulen,,402.0,35.47%,Den Haag,27/08/1850,algemeen,2025,1346,2267.0,7,2.0,567,2468.0,-0.11993517017828201
3209,3209,G.L. Baud,,93.0,6.32%,Den Haag,17/05/1853,algemeen,2101,1481,2942.0,12,2.0,736,2824.0,-0.1674929178470255
3251,3251,F.A.T. Delprat,,400.0,23.15%,Den Haag,30/10/1866,algemeen,2237,1745,3456.0,26,2.0,864,3349.0,-0.25261272021498954
3252,3252,mr. G.B. Emants,,375.0,21.70%,Den Haag,30/10/1866,algemeen,2237,1745,3456.0,26,2.0,864,3349.0,-0.2600776351149597
3277,3277,jhr.mr. J.K.W. Quarles van Ufford,(AH)*,480.0,37.77%,Den Haag,14/06/1881,periodiek,2463,1287,1271.0,13,1.0,636,1254.0,-0.23444976076555024
3285,3285,jhr. P.O.H. Gevaerts van Simonshaven,AR,110.0,6.39%,Den Haag,28/10/1884,algemeen,2723,1746,3444.0,46,2.0,861,3410.0,-0.2099706744868035
3295,3295,jhr.mr. J.H. Hora Siccama,AR,83.0,3.78%,Den Haag,15/06/1886,algemeen,2888,2263,4388.0,144,2.0,1097,4367.0,-0.2447904740096176
3301,3301,jhr. P.O.H. Gevaerts van Simonshaven,,83.0,4.28%,Den Haag,01/09/1887,algemeen,2889,1944,3876.0,10,2.0,969,3824.0,-0.2442468619246862
3319,3319,D. Molenaar,,35.0,3.41%,Dordrecht,08/06/1852,tussentijds,2123,1144,1025.0,2,1.0,513,2011.0,-0.2889109895574341
3331,3331,D. Molenaar,,38.0,2.59%,Dordrecht,17/05/1853,algemeen,2169,1493,2937.0,31,2.0,734,2814.0,-0.2508884150675195
3352,3352,mr. J.G. Kist,,67.0,7.01%,Dordrecht,27/12/1859,tussentijds,2037,973,956.0,4,1.0,478,888.0,-0.25900900900900903
3381,3381,mr. M.G. Timmers Verhoeven,,90.0,5.13%,Dordrecht,30/10/1866,algemeen,2165,1774,3507.0,29,2.0,877,3382.0,-0.22797161442933175
3382,3382,mr. J.G. Kist,,33.0,1.88%,Dordrecht,30/10/1866,algemeen,2165,1774,3507.0,29,2.0,877,3382.0,-0.24482554701360143
3392,3392,mr. J.G. Kist,,238.0,14.04%,Dordrecht,22/01/1868,algemeen,2231,1741,3391.0,55,2.0,848,3361.0,-0.1927997619756025
3393,3393,mr. H.M. Barendrecht,,57.0,3.36%,Dordrecht,22/01/1868,algemeen,2231,1741,3391.0,55,2.0,848,3361.0,-0.24665278191014578
3418,3418,G.H. Veth,,176.0,16.75%,Dordrecht,22/04/1879,tussentijds,2236,1063,1051.0,9,1.0,526,1029.0,-0.2478134110787172
3504,3504,mr. I. Capadose,,404.0,17.71%,Gorinchem,30/10/1866,algemeen,3009,2334,4562.0,40,2.0,1141,4448.0,-0.14680755395683454
3515,3515,mr. J. van Heusde,,44.0,2.12%,Gorinchem,22/01/1868,algemeen,3101,2108,4142.0,64,2.0,1036,4746.0,-0.21702486304256216
3536,3536,mr. J.H. s' Jacob,,432.0,20.51%,Gorinchem,12/06/1877,periodiek,3496,2120,2106.0,12,1.0,1053,2093.0,-0.29956999522216915
3552,3552,C.A. Jeekel,(AH)*,783.0,30.90%,Gorinchem,28/10/1884,algemeen,3900,2569,5068.0,38,2.0,1267,5009.0,-0.1782790976242763
3558,3558,C. van Andel,(AH)*,1112.0,35.03%,Gorinchem,15/06/1886,algemeen,4088,3211,6348.0,70,2.0,1587,6331.0,-0.14563260148475754
3579,3579,F.W. baron van Suylen van Nijevelt,,79.0,4.97%,Middelburg,17/05/1853,algemeen,2377,1621,3181.0,61,2.0,795,3079.0,-0.2234491718090289
3608,3608,J.W. Vader,,438.0,22.06%,Middelburg,30/10/1866,algemeen,2693,2059,3971.0,55,2.0,993,3824.0,-0.23247907949790794
3678,3678,mr. C.J. Pické,,207.0,22.26%,Goes,14/06/1864,periodiek,1339,966,930.0,6,1.0,465,912.0,-0.08114035087719298
3689,3689,mr. C.J. Pické,,410.0,38.57%,Goes,22/01/1868,algemeen,1421,1072,1063.0,8,1.0,532,1052.0,-0.16634980988593157
3713,3713,J.M. Kakebeeke,(AH)*,591.0,31.46%,Goes,28/10/1884,algemeen,2741,1898,3757.0,31,2.0,939,3679.0,-0.17776569720032617
3759,3759,mr. J.E. van den Broek,,74.0,6.58%,Zierikzee,12/02/1863,tussentijds,1393,1149,1124.0,11,1.0,562,1085.0,-0.24608294930875577
3760,3760,mr. D. van Weel,,57.0,5.07%,Zierikzee,12/02/1863,tussentijds,1393,1149,1124.0,11,1.0,562,1085.0,-0.26175115207373273
3793,3793,mr. J.J. Loke,,70.0,3.12%,Breda,27/08/1850,algemeen,3355,2269,4481.0,25,2.0,1120,4312.0,-0.2854823747680891
3795,3795,mr. J.D.W. Pape,,40.0,1.79%,Breda,27/08/1850,algemeen,3355,2269,4481.0,25,2.0,1120,4312.0,-0.2924397031539889
3801,3801,mr. J.J. Loke,,494.0,21.76%,Breda,17/05/1853,algemeen,3412,2361,4541.0,143,2.0,1135,4448.0,-0.2446043165467626
3802,3802,mr. J.D.W. Pape,,277.0,12.20%,Breda,17/05/1853,algemeen,3412,2361,4541.0,143,2.0,1135,4448.0,-0.29339028776978415
3830,3830,mr. P.J. Verduijn,,227.0,11.12%,Breda,25/02/1862,tussentijds,3638,2065,2042.0,16,1.0,1021,1998.0,-0.2057057057057057
3844,3844,jhr.mr. L.W.J.M. Verheyen,,706.0,25.09%,Breda,30/10/1866,algemeen,3782,2866,5628.0,94,2.0,1407,5456.0,-0.19299853372434017
3851,3851,jhr.mr. F.X. Verheyen,,370.0,14.27%,Breda,22/01/1868,algemeen,3861,2650,5187.0,89,2.0,1297,5051.0,-0.1821421500692932
3943,3943,A.A.A. Barning,,119.0,14.51%,Tilburg,08/06/1852,periodiek,2980,831,820.0,7,1.0,410,718.0,-0.25348189415041783
3950,3950,mr. J.J. Loke,,351.0,18.42%,Tilburg,17/05/1853,algemeen,2978,1927,3811.0,43,2.0,953,3685.0,-0.1435549525101764
3951,3951,mr. J.D.W. Pape,,312.0,16.37%,Tilburg,17/05/1853,algemeen,2978,1927,3811.0,43,2.0,953,3685.0,-0.1541383989145183
3985,3985,B.H.M. Hanlo,,745.0,33.03%,Tilburg,30/10/1866,algemeen,3095,2299,4511.0,77,2.0,1128,4301.0,-0.10904440827714484
4038,4038,mr. N.F.C.J. Sassen,,94.0,6.15%,Eindhoven,17/05/1853,algemeen,2050,1569,3056.0,74,2.0,764,2990.0,-0.2117056856187291
4041,4041,jhr.mr. C.F. Wesselman,,23.0,1.51%,Eindhoven,17/05/1853,algemeen,2050,1569,3056.0,74,2.0,764,2990.0,-0.2354515050167224
4095,4095,mr. D.H. van den Acker,,407.0,33.28%,Eindhoven,25/09/1877,tussentijds,2624,1225,1223.0,2,1.0,612,1215.0,-0.25925925925925924
4115,4115,jhr. L.L.G.M. de Villers de Pité,,553.0,42.18%,Maastricht,27/08/1850,algemeen,1875,1354,2622.0,35,2.0,656,2580.0,-0.06434108527131784
4117,4117,J. Kerkhofs,,113.0,8.62%,Maastricht,27/08/1850,algemeen,1875,1354,2622.0,35,2.0,656,2580.0,-0.23488372093023255
4129,4129,mr. L. Wenmaekers,,195.0,20.81%,Maastricht,03/04/1855,tussentijds,1829,955,937.0,13,1.0,469,929.0,-0.2744886975242196
4130,4130,E. Sassen,,195.0,20.81%,Maastricht,03/04/1855,tussentijds,1829,955,937.0,13,1.0,469,929.0,-0.2744886975242196
4137,4137,jhr.mr. E. Kerens van Wolfrath,,470.0,38.75%,Maastricht,17/07/1856,tussentijds,1945,1233,1213.0,19,1.0,607,1201.0,-0.21731890091590342
4193,4193,K.H.L. Bontamps,,261.0,24.30%,Roermond,27/08/1850,algemeen,1388,1130,2148.0,106,2.0,537,2044.0,-0.1350293542074364
4241,4241,J.M. Corten,,33.0,2.19%,Roermond,22/01/1868,algemeen,2186,1660,3009.0,307,2.0,752,2961.0,-0.2563323201621074
4255,4255,jhr.mr. L.F.H. Michiels van Kessenich,,367.0,21.40%,Roermond,10/06/1873,periodiek,1978,1744,1715.0,28,1.0,858,1711.0,-0.29047340736411453
4273,4273,jhr.mr. L.F.H. Michiels van Kessenich,,529.0,26.20%,Roermond,15/06/1886,algemeen,2432,2178,4038.0,302,2.0,1010,3945.0,-0.2932826362484157
4323,4323,mr. C.J. van Heusden,,135.0,7.10%,Den Bosch,27/08/1850,algemeen,2817,1949,3804.0,70,2.0,951,3602.0,-0.13048306496390893
4324,4324,L.H. Rouppe van der Voort,,126.0,6.62%,Den Bosch,27/08/1850,algemeen,2817,1949,3804.0,70,2.0,951,3602.0,-0.13298167684619655
4325,4325,mr. A.A. Heeren,,118.0,6.20%,Den Bosch,27/08/1850,algemeen,2817,1949,3804.0,70,2.0,951,3602.0,-0.13520266518600776
4326,4326,mr. W.C. van Heurn,,109.0,5.73%,Den Bosch,27/08/1850,algemeen,2817,1949,3804.0,70,2.0,951,3602.0,-0.13770127706829538
4327,4327,mr. N.F.C.J. Sassen,,59.0,3.10%,Den Bosch,27/08/1850,algemeen,2817,1949,3804.0,70,2.0,951,3602.0,-0.1515824541921155
4328,4328,mr. J.D.W. Pape,,55.0,2.89%,Den Bosch,27/08/1850,algemeen,2817,1949,3804.0,70,2.0,951,3602.0,-0.1526929483620211
4329,4329,L.D. van Heyst,,53.0,2.79%,Den Bosch,27/08/1850,algemeen,2817,1949,3804.0,70,2.0,951,3602.0,-0.1532481954469739
4340,4340,G.W. Vreede,,44.0,2.21%,Den Bosch,17/05/1853,algemeen,2805,2033,3974.0,60,2.0,994,3840.0,-0.24557291666666667
4341,4341,S. van Hoogstraten,,37.0,1.86%,Den Bosch,17/05/1853,algemeen,2805,2033,3974.0,60,2.0,994,3840.0,-0.24739583333333334
4342,4342,mr. J.D.W. Pape,,31.0,1.56%,Den Bosch,17/05/1853,algemeen,2805,2033,3974.0,60,2.0,994,3840.0,-0.24895833333333334
4354,4354,mr. H. Sassen,,570.0,33.39%,Den Bosch,11/10/1859,tussentijds,2720,1718,1707.0,10,1.0,854,1684.0,-0.251187648456057
4364,4364,mr. J.J. Suys,,191.0,9.03%,Den Bosch,30/10/1866,algemeen,2920,2189,4229.0,149,2.0,1057,4150.0,-0.22939759036144577
4367,4367,mr. J.J. Suys,,676.0,32.49%,Den Bosch,22/01/1868,algemeen,2964,2097,4161.0,29,2.0,1040,4115.0,-0.1543134872417983
4369,4369,mr. P.F. van Cooth,,82.0,3.94%,Den Bosch,22/01/1868,algemeen,2964,2097,4161.0,29,2.0,1040,4115.0,-0.29866342648845684
4407,4407,J.A. Nieuwenhuis,Rad,935.0,18.58%,Groningen,06/03/1888,algemeen,6360,5098,10062.0,110,2.0,2516,9892.0,-0.1452689041649818
4409,4409,A.M. Prins,Prot,103.0,2.05%,Groningen,06/03/1888,algemeen,6360,5098,10062.0,110,2.0,2516,9892.0,-0.2293772745653053
4418,4418,F. van der Goes,V,92.0,2.39%,Groningen,09/06/1891,algemeen,6021,3939,7714.0,150,2.0,1929,7650.0,-0.22130718954248366
4425,4425,J. Haspers,AR(VT),508.0,15.29%,Groningen,10/04/1894,algemeen,6026,3569,6647.0,481,2.0,1662,6472.0,-0.20596415327564896
4430,4430,dr. J.H. Smit,Rad,341.0,12.20%,Zuidhorn,06/03/1888,algemeen,3342,2800,2795.0,2,1.0,1398,2787.0,-0.2978112665949049
4554,4554,J.C. van den Berg,Lib,294.0,13.14%,Schoterland,09/06/1891,algemeen,2861,2261,2238.0,18,1.0,1119,2236.0,-0.20304114490161002
4736,4736,mr. D.R.B. baron van Lynden,AR(Ka),727.0,35.27%,Arnhem,09/06/1891,algemeen,2792,2077,2061.0,13,1.0,1031,2040.0,-0.20392156862745098
4816,4816,C.J. van Eeghen,Lib(VT),331.0,17.36%,Ede,10/04/1894,algemeen,2923,1928,1907.0,15,1.0,954,1895.0,-0.2079155672823219
4823,4823,mr. H.J.H. baron van Boetzelaer van Oosterhout,Lib,890.0,38.12%,Amersfoort,27/03/1888,tussentijds,2945,2342,2335.0,5,1.0,1168,2333.0,-0.2370338619802829
4835,4835,J.D. van de Velde,Lib,799.0,32.31%,Apeldoorn,06/03/1888,algemeen,2920,2484,2473.0,5,1.0,1237,2451.0,-0.2962056303549572
4841,4841,M.J. Chevallier,AR(VT),352.0,18.16%,Apeldoorn,10/04/1894,algemeen,2958,1951,1938.0,10,1.0,969,1928.0,-0.2842323651452282
4845,4845,A.L.W. Seijffardt,Lib(NK),2016.0,53.75%,Utrecht,06/03/1888,algemeen,4120,3756,3751.0,5,1.0,1876,7470.0,-0.006827309236947791
4878,4878,M. van Waart,AR(VT),728.0,24.76%,Breukelen,10/04/1894,algemeen,3766,2979,2940.0,37,1.0,1470,2929.0,-0.21065209969272788
4961,4961,P.C.F. Frowein,,158.0,8.11%,Den Helder,30/10/1894,tussentijds,3711,1957,1948.0,6,1.0,974,1915.0,-0.20887728459530025
4962,4962,J.G. van den Bosch,,91.0,4.67%,Den Helder,30/10/1894,tussentijds,3711,1957,1948.0,6,1.0,974,1915.0,-0.24386422976501307
4963,4963,J. Korver,,75.0,3.85%,Den Helder,30/10/1894,tussentijds,3711,1957,1948.0,6,1.0,974,1915.0,-0.25221932114882506
4990,4990,J.C. van Schermbeek,Lib,951.0,6.11%,Amsterdam,06/03/1888,algemeen,20887,16015,140176.0,3779,9.0,7788,134573.0,-0.03317158716830271
4991,4991,dr. J.M. Smit,Rad,836.0,5.37%,Amsterdam,06/03/1888,algemeen,20887,16015,140176.0,3779,9.0,7788,134573.0,-0.03402614194526391
5003,5003,jhr. H. Tindal,Am,2754.0,20.78%,Amsterdam,09/06/1891,algemeen,22531,13410,119264.0,1246,9.0,6626,103271.0,-0.03977883432909529
5011,5011,H.P.C.W.H.J.B. van Son,AR(Ka),2383.0,17.98%,Amsterdam,09/06/1891,algemeen,22531,13410,119264.0,1246,9.0,6626,103271.0,-0.04337132399221466
5015,5015,mr. L. Stevens,Ka(AR),2156.0,16.27%,Amsterdam,09/06/1891,algemeen,22531,13410,119264.0,1246,9.0,6626,103271.0,-0.04556942413649524
5017,5017,H. Muller,Am,1870.0,14.11%,Amsterdam,09/06/1891,algemeen,22531,13410,119264.0,1246,9.0,6626,103271.0,-0.048338836653077824
5044,5044,mr. E.P.F.A. van den Bogaert,Ka(TT),1393.0,15.29%,Amsterdam,10/04/1894,algemeen,23112,9390,82016.0,2251,9.0,4556,75806.0,-0.02721420468036831
5045,5045,mr. H.L. Lindaal Jacobs,Ka(TT),1301.0,14.28%,Amsterdam,10/04/1894,algemeen,23112,9390,82016.0,2251,9.0,4556,75806.0,-0.028427828931746828
5080,5080,mr. P.N. Engelberts,C,62.0,2.08%,Beverwijk,09/06/1891,algemeen,3640,2996,2984.0,3,1.0,1492,2977.0,-0.24051058112193482
5200,5200,A.N. de Lint,Lib(VT),488.0,23.18%,Delft,10/04/1894,algemeen,3269,2155,2105.0,38,1.0,1053,2099.0,-0.21010004764173415
5204,5204,mr. W.M.H. Boers,Lib(VT),657.0,33.23%,Delft,18/05/1894,tussentijds,3265,2017,1977.0,36,1.0,989,1972.0,-0.2347870182555781
5233,5233,mr. P.N. Engelberts,C(Ka),475.0,20.82%,Schiedam,09/06/1891,algemeen,2783,2320,2282.0,33,1.0,1141,2253.0,-0.23435419440745672
5246,5246,J.M. Voorhoeve,AR(Ka),1671.0,31.97%,Rotterdam,06/03/1888,algemeen,8373,5938,26133.0,3527,5.0,2613,25695.0,-0.05394045534150613
5247,5247,mr. J.C.M.F.H. Maschek,Ka(AR),1648.0,31.53%,Rotterdam,06/03/1888,algemeen,8373,5938,26133.0,3527,5.0,2613,25695.0,-0.05483557112278654
5251,5251,J.J. Jacobson,Lib,752.0,14.39%,Rotterdam,06/03/1888,algemeen,8373,5938,26133.0,3527,5.0,2613,25695.0,-0.08970616851527534
5255,5255,J.W. Gunning,,87.0,1.66%,Rotterdam,06/03/1888,algemeen,8373,5938,26133.0,3527,5.0,2613,25695.0,-0.11558669001751314
5267,5267,J.M. Voorhoeve,AR,1052.0,23.02%,Rotterdam,09/06/1891,algemeen,8318,4625,22851.0,219,5.0,2285,22491.0,-0.07216219821261838
5269,5269,jhr. J.C. van de Poll,AR,1033.0,22.60%,Rotterdam,09/06/1891,algemeen,8318,4625,22851.0,219,5.0,2285,22491.0,-0.07300698057000578
5276,5276,mr. J.J.I. Harte van Tecklenburg,Ka,734.0,16.06%,Rotterdam,09/06/1891,algemeen,8318,4625,22851.0,219,5.0,2285,22491.0,-0.08630118714152328
5291,5291,J.M. Voorhoeve,AR(VT),678.0,13.63%,Rotterdam,10/04/1894,algemeen,8422,5007,24869.0,146,5.0,2487,24659.0,-0.11152114846506346
5316,5316,W.L.A. Gericke,,278.0,4.51%,Den Haag,06/03/1888,algemeen,7591,6245,18481.0,164,3.0,3080,18199.0,-0.15379965932194076
5329,5329,jhr.mr. W.F. Rochussen,C,574.0,9.13%,Den Haag,09/06/1891,algemeen,8314,6369,18861.0,231,3.0,3144,18663.0,-0.14177784922038258
5330,5330,A. van Assen 2,AKS,98.0,1.56%,Den Haag,09/06/1891,algemeen,8314,6369,18861.0,231,3.0,3144,18663.0,-0.167282859133044
5335,5335,dr. J. Menno Huizinga,Lib(VT),1859.0,30.86%,Den Haag,10/04/1894,algemeen,8319,6080,18072.0,150,3.0,3012,18051.0,-0.12459143537754142
5337,5337,mr. G. van der Jagt,Lib(TT),362.0,6.01%,Den Haag,10/04/1894,algemeen,8319,6080,18072.0,150,3.0,3012,18051.0,-0.2075231289125256
5355,5355,mr. F.N. Sickenga,Lib(VT),529.0,23.20%,Dordrecht,10/04/1894,algemeen,2931,2309,2280.0,29,1.0,1140,2274.0,-0.2669305189094107
5415,5415,D. Stigter,,944.0,36.11%,Goes,09/01/1894,tussentijds,4073,2659,2614.0,36,1.0,1307,2597.0,-0.27300731613400075
5417,5417,D. Stigter,Lib(VT),699.0,28.52%,Goes,10/04/1894,algemeen,4050,2486,2451.0,33,1.0,1226,2408.0,-0.2180232558139535
5420,5420,D. Stigter,Lib(VT),1065.0,36.35%,Goes,24/04/1894,herstemming,4050,2972,2930.0,31,1.0,1465,2931.0,-0.27328556806550663
5435,5435,C.J. Huvers,,609.0,24.69%,Hontenisse,10/04/1894,algemeen,3374,2493,2467.0,19,1.0,1234,2458.0,-0.23881204231082181
5537,5537,G. Berkers,Lib,466.0,28.02%,Sittard,06/03/1888,algemeen,1821,1679,1663.0,15,1.0,832,1653.0,-0.24803387779794314
5611,5611,J. Bosch,AR,230.0,8.26%,Amsterdam I,15/06/1897,algemeen,4760,2840,2783.0,57,1.0,1392,2783.0,-0.21631333093783686
5612,5612,A.L. van Hasselt,CHK,228.0,8.19%,Amsterdam I,15/06/1897,algemeen,4760,2840,2783.0,57,1.0,1392,2783.0,-0.21703197987782968
5613,5613,C.H. Kouw,Lib,220.0,7.91%,Amsterdam I,15/06/1897,algemeen,4760,2840,2783.0,57,1.0,1392,2783.0,-0.21990657563780094
5628,5628,F. van der Goes,SDAP,270.0,9.66%,Amsterdam III,15/06/1897,algemeen,4566,2832,2794.0,38,1.0,1397,2794.0,-0.26664280601288476
5649,5649,H.P.C.W.H.J.B. van Son,CHK,322.0,9.16%,Amsterdam V,15/06/1897,algemeen,5945,3553,3514.0,39,1.0,1757,3514.0,-0.22936824132043254
5654,5654,dr. P.J.H. Cuypers,Ka,789.0,25.15%,Amsterdam VI,15/06/1897,algemeen,5040,3137,3137.0,0,1.0,1569,3137.0,-0.2215492508766337
5669,5669,H.P.C.W.H.J.B. van Son,CHK,283.0,11.73%,Amsterdam VII,15/06/1897,algemeen,3667,2481,2412.0,69,1.0,1206,2412.0,-0.2562189054726368
5695,5695,J. Schoonbeek,SDAP,860.0,15.40%,Appingedam,15/06/1897,algemeen,6976,5690,5583.0,107,1.0,2792,5583.0,-0.22711803689772525
5696,5696,J. Doornbosch,Lib + protectionist,621.0,11.12%,Appingedam,15/06/1897,algemeen,6976,5690,5583.0,107,1.0,2792,5583.0,-0.26992656277986743
5741,5741,J.W. Koer,AR,458.0,7.71%,Deventer,15/06/1897,algemeen,6697,5990,5941.0,49,1.0,2971,5941.0,-0.2959097794984009
5789,5789,mr. D.H. van den Acker,,1149.0,39.98%,Eindhoven,16/11/1898,tussentijds,5728,2928,2874.0,54,1.0,1437,2874.0,-0.20041753653444677
5890,5890,mr. G.C. Everwijn Lange,Lib,1532.0,22.41%,Haarlemmermeer,15/06/1897,algemeen,7971,6974,6836.0,138,1.0,3418,6836.0,-0.20596840257460503
5911,5911,J. Baron,Lib,1420.0,23.79%,Hilversum,15/06/1897,algemeen,7597,6162,5968.0,194,1.0,2984,5968.0,-0.2652479892761394
5928,5928,B. Cuperus,Lib,1246.0,28.95%,Kampen,15/06/1897,algemeen,5778,4366,4304.0,62,1.0,2152,4304.0,-0.24349442379182157
5932,5932,jhr. M. van den Brandeler,CHK,933.0,17.80%,Katwijk,15/06/1897,algemeen,5728,5279,5242.0,37,1.0,2621,5242.0,-0.26020602823349864
5952,5952,G.J. ten Cate,AR(Ka),2441.0,37.36%,Lochem,15/06/1897,algemeen,7408,6533,6533.0,0,1.0,3267,6533.0,-0.2211847543242002
5959,5959,G. van Herwaarden,CHK,808.0,13.62%,Loosduinen,15/06/1897,algemeen,6762,6012,5932.0,80,1.0,2966,5932.0,-0.24477410654079568
6002,6002,T. Tromp,AR(VA),516.0,19.57%,Rotterdam I,15/06/1897,algemeen,3208,2673,2637.0,36,1.0,1319,2637.0,-0.20857034508911643
6062,6062,mr. J.G. van der Hoop,CHK(VA),741.0,18.22%,Steenwijk,15/06/1897,algemeen,5863,4116,4068.0,48,1.0,2034,4068.0,-0.20501474926253688
6089,6089,A.L.W. Seijffardt,Lib,593.0,17.35%,Utrecht II,15/06/1897,algemeen,4142,3476,3417.0,59,1.0,1709,3417.0,-0.16125256072578284
6137,6137,R. Boonstra,Lib,971.0,21.24%,Zuidhorn,15/06/1897,algemeen,6300,4688,4571.0,117,1.0,2286,4571.0,-0.2292714942025815
6149,6149,mr. C. baron van Vos van Steenwijk,VL,814.0,17.33%,Zwolle,15/06/1897,algemeen,6087,4772,4698.0,74,1.0,2349,4698.0,-0.272669220945083
6227,6227,F. Mol,VD,508.0,10.50%,Gouda,14/06/1901,algemeen,6072,4917,4839.0,78,1.0,2420,4839.0,-0.27071709030791485
6242,6242,G.J.C.A. Pop,Lib(VL/Ka),1331.0,29.37%,Den Haag III,14/06/1901,algemeen,7014,4605,4532.0,73,1.0,2266,4532.0,-0.24338040600176522
6255,6255,J. Pattist,Lib(VL),1016.0,18.95%,Loosduinen,14/06/1901,algemeen,6917,5532,5362.0,170,1.0,2681,5362.0,-0.2032823573293547
6302,6302,mr. W.C. Bosman,Lib(VL),941.0,15.34%,Alkmaar,14/06/1901,algemeen,7824,6236,6133.0,103,1.0,3067,6133.0,-0.26887330833197454
6316,6316,H.H. Wollring,SDAP,157.0,10.56%,Amsterdam II,14/06/1901,algemeen,2475,1537,1487.0,50,1.0,744,1487.0,-0.24546065904505715
6317,6317,F. Mol,VD,100.0,6.72%,Amsterdam II,14/06/1901,algemeen,2475,1537,1487.0,50,1.0,744,1487.0,-0.28379287155346333
6323,6323,A.C. Bleys,Ka,376.0,8.86%,Amsterdam III,14/06/1901,algemeen,7122,4348,4243.0,105,1.0,2122,4243.0,-0.2891821824181004
6335,6335,P.W. Sutorius,Ka(AR),1182.0,21.91%,Amsterdam V,14/06/1901,algemeen,7840,5459,5394.0,65,1.0,2697,5394.0,-0.20726733407489803
6353,6353,F.U. Schmidt,SDAP,102.0,5.35%,Amsterdam VIII,14/06/1901,algemeen,2987,1992,1907.0,85,1.0,954,1907.0,-0.25904562139486104
6375,6375,J.H. Wentholt,Lib(VL),1160.0,17.21%,Haarlemmermeer,14/06/1901,algemeen,8132,6884,6741.0,143,1.0,3371,6741.0,-0.2882361667408396
6394,6394,J.H. Feringa,AR,847.0,17.14%,Zaandam,14/06/1901,algemeen,7289,5032,4941.0,91,1.0,2471,4941.0,-0.27443837279902855
6421,6421,dr. W.P. Ruijsch,Lib(VL),780.0,14.47%,Breukelen,14/06/1901,algemeen,6710,5552,5392.0,160,1.0,2696,5392.0,-0.2158753709198813
6457,6457,J.P. Engelman,Lib(VL),934.0,25.59%,Schoterland,14/06/1901,algemeen,5184,3725,3650.0,75,1.0,1825,3650.0,-0.21095890410958903
6515,6515,E. Brader Bz.,,283.0,7.29%,Winschoten,14/06/1901,algemeen,6004,3950,3883.0,67,1.0,1942,3883.0,-0.2655163533350502
6646,6646,H. Bos Kz.,,670.0,19.00%,Assen,04/10/1904,tussentijds,6416,3579,3527.0,52,1.0,1764,3527.0,-0.2789906436064644
6664,6664,mr. J.J.I. Harte van Tecklenburg,Ka,2270.0,44.98%,Grave,16/06/1905,algemeen,6414,5155,5047.0,108,1.0,2524,5047.0,-0.04537348920150584
6667,6667,mr. J.J.I. Harte van Tecklenburg,Ka,2430.0,44.74%,Grave,28/06/1905,herstemming,6414,5488,5431.0,57,1.0,2716,5431.0,-0.10513717547413
6726,6726,mr. Æ. baron van Mackay Thzn.,CHP(Ka/AR),2678.0,40.38%,Brielle,16/06/1905,algemeen,7467,6696,6632.0,64,1.0,3316,6632.0,-0.12047647768395657
6729,6729,mr. A.R. Zimmerman,VL,2029.0,33.83%,Delft,16/06/1905,algemeen,6669,6036,5997.0,39,1.0,2999,5997.0,-0.22627980656995164
6817,6817,D. Schut,AR(Ka/CHP),1256.0,34.26%,Amsterdam I,16/06/1905,algemeen,4996,3744,3666.0,78,1.0,1833,3666.0,-0.22613202400436444
6837,6837,jhr. C. Roëll,CHP(Ka/AR),1840.0,41.90%,Amsterdam VI,16/06/1905,algemeen,5505,4450,4391.0,59,1.0,2196,4391.0,-0.12070143475290367
7002,7002,mr. J. baron van Aulnis de Bourouill,VL,815.0,12.46%,Groningen,16/06/1905,algemeen,7849,6618,6539.0,79,1.0,3270,6539.0,-0.26884844777488914
7195,7195,H.J. de Groot,AR(CHU),2716.0,35.64%,Den Haag III,11/06/1909,algemeen,12084,7723,7620.0,103,1.0,3810,7620.0,-0.23503937007874015
7209,7209,W.H. van Bilderbeek,Lib(VL),2280.0,30.04%,Ridderkerk,11/06/1909,algemeen,8370,7688,7591.0,97,1.0,3796,7591.0,-0.24976946383875642
7243,7243,F.W.J.G. Snijder van Wissenkerke,Lib(VL),2314.0,36.34%,Sliedrecht,11/06/1909,algemeen,8571,6453,6368.0,85,1.0,3184,6368.0,-0.20979899497487436
7271,7271,N. Bosboom,VL,1007.0,11.08%,Amsterdam V,11/06/1909,algemeen,12892,9243,9091.0,152,1.0,4546,9091.0,-0.25156748432515674
7367,7367,K. de Vries Szn.,VD,2265.0,35.06%,Dokkum,11/06/1909,algemeen,7597,6523,6461.0,62,1.0,3231,6461.0,-0.21838724655626063
7371,7371,A. Rauwerda,VD,1391.0,20.25%,Franeker,11/06/1909,algemeen,8043,6907,6868.0,39,1.0,3434,6868.0,-0.23048922539312755
7410,7410,N.J. Bosch,Lib(VL),2595.0,38.17%,Kampen,11/06/1909,algemeen,7655,6870,6798.0,72,1.0,3399,6798.0,-0.2106501912327155
7441,7441,H.J. Kenter,,1019.0,24.12%,Winschoten,11/06/1909,algemeen,7175,4301,4225.0,76,1.0,2113,4225.0,-0.23976331360946745
7450,7450,jhr. L.A.S.J. de Milly van Heiden Reinestein,VL,1007.0,22.99%,Assen,11/06/1909,algemeen,7772,4427,4381.0,46,1.0,2191,4381.0,-0.20200867381876284
7451,7451,H. Bos Kz.,AR(Ka/CHU),957.0,21.84%,Assen,11/06/1909,algemeen,7772,4427,4381.0,46,1.0,2191,4381.0,-0.2134215932435517
7477,7477,F.L.S.F. baron van Tuyl van Serooskerken van Zuylen,Lib,1070.0,16.68%,Breukelen,22/09/1909,tussentijds,7764,6474,6416.0,58,1.0,3208,6416.0,-0.24173940149625936
7507,7507,H.T. s' Jacob,,1736.0,20.92%,Hilversum,01/02/1912,tussentijds,13644,8434,8299.0,135,1.0,4150,8299.0,-0.22267743101578502
7527,7527,W. Fransen Jzn.,Ka(AR/CHU),1685.0,20.94%,Leeuwarden,17/06/1913,algemeen,9228,8091,8045.0,46,1.0,4023,8045.0,-0.2551895587321318
7635,7635,E. Deen,VD,1933.0,18.14%,Den Haag I,17/06/1913,algemeen,13029,10834,10658.0,176,1.0,5329,10658.0,-0.27237755676487146
7749,7749,mr. T.B. Pleijte,VD,3655.0,20.86%,Amsterdam IX,17/06/1913,algemeen,22557,18276,17525.0,751,1.0,8763,17525.0,-0.25957203994293865
7770,7770,J. Korthals Altes,Lib,3927.0,32.37%,Haarlemmermeer,17/06/1913,algemeen,13290,12213,12131.0,82,1.0,6066,12131.0,-0.24721787156870828
7776,7776,C.J. van der Hegge Spies,AR(Ka/CHU),1161.0,15.84%,Den Helder,17/06/1913,algemeen,9031,7399,7330.0,69,1.0,3665,7330.0,-0.22060027285129605
7798,7798,J. Welleman,VD,2289.0,30.99%,Hontenisse,17/06/1913,algemeen,8545,7683,7387.0,296,1.0,3694,7387.0,-0.20373629348856098
7821,7821,A. van der Heide,SDAP,1548.0,17.58%,Utrecht I,17/06/1913,algemeen,9767,8921,8805.0,116,1.0,4403,8805.0,-0.24304372515616127
7839,7839,W.J.C. van Santen,Lib,1509.0,20.75%,Franeker,17/06/1913,algemeen,8523,7332,7274.0,58,1.0,3637,7275.0,-0.20096219931271478
7843,7843,J.H. Anema,SDAP,1730.0,24.29%,Harlingen,17/06/1913,algemeen,7991,7192,7121.0,71,1.0,3561,7121.0,-0.276225249262744
7844,7844,mr.dr. A.D.H. Fockema Andreae,VL,1694.0,23.79%,Harlingen,17/06/1913,algemeen,7991,7192,7121.0,71,1.0,3561,7121.0,-0.28128071900014046
7858,7858,J.H. Faber,Lib,2238.0,28.06%,Tietjerksteradeel,17/06/1913,algemeen,8967,8058,7975.0,83,1.0,3988,7976.0,-0.23808926780341022
7903,7903,mr. E.J. Thomassen Ã Thuessink van der Hoop van Slochteren,CHU,691.0,8.70%,Appingedam,17/06/1913,algemeen,9238,8055,7946.0,109,1.0,3973,7946.0,-0.25874653913918955
7933,7933,A. van der Heide,SDAP,1672.0,28.73%,Assen,17/06/1913,algemeen,8912,5930,5819.0,111,1.0,2910,5819.0,-0.24488743770407287
7951,7951,J.T. Verheggen,Ka,2476.0,39.56%,Roermond,17/06/1913,algemeen,7541,6345,6259.0,86,1.0,3130,6259.0,-0.2088193002077009
7955,7955,A.H. Gijzels,Ka,2559.0,36.01%,Sittard,17/06/1913,algemeen,8961,7235,7107.0,128,1.0,3554,7107.0,-0.27986492190797807
7990,7990,C.J. Kuiper,,1946.0,19.37%,Amsterdam III,04/11/1913,tussentijds,16516,10196,10044.0,152,1.0,5022,10044.0,-0.26463560334528075
8016,8016,A.P.H.K.J. Kellenaers,,719.0,15.00%,Weert,27/04/1916,tussentijds,8267,4917,4793.0,124,1.0,2397,4793.0,-0.23596912163571876
8023,8023,jhr. J. Beelaerts van Blokland,,1604.0,29.03%,Tiel,08/12/1916,tussentijds,7454,5606,5525.0,81,1.0,2763,5525.0,-0.2164705882352941
8034,8034,S.W. de Clercq,,3993.0,38.05%,Haarlemmermeer,02/12/1916,tussentijds,14679,10595,10493.0,102,1.0,5247,10493.0,-0.23892118555227296
8129,8129,dr. J. Schrijver,AG,2448.0,34.44%,Amsterdam V,15/06/1917,algemeen,20627,7278,7108.0,170,1.0,3554,7108.0,-0.2291783905458638
8136,8136,dr. F. van Eeden,AS,828.0,32.92%,Amsterdam VIII,15/06/1917,algemeen,7444,2638,2515.0,123,1.0,1258,2515.0,-0.2775347912524851
