,b1-nummer,Naam,District,Verkiezingdatum,Vermogen,margin
0,01100,R. de Sitter,Winschoten,30/11/1848,,0.06934812760055478
1,01527,R. Westerhoff,Appingedam,27/12/1848,,0.13450292397660818
2,00955,J.T. Homan,Assen,30/11/1848,,0.07729468599033816
3,01100,G. de Serière,Hoogeveen,26/12/1848,,0.02936378466557912
4,00332,D. Donker Curtius,Almelo,02/01/1849,,0.1125
5,01316,C.M. Storm van 's Gravesande,Enschede,30/11/1848,538774.18,0.09484536082474226
6,00872,M.J. de Man,Enschede,16/12/1848,,0.14549180327868852
7,01361,J.R. Thorbecke,Zutphen,30/11/1848,,0.13617021276595745
8,01504,S. van Walchren,Amersfoort,30/11/1848,,0.006925207756232687
9,01504,S. van Walchren,Amersfoort,07/12/1848,,0.18950437317784258
10,00335,E.C.U. van Doorn,Ysselstein,30/11/1848,256315.21,0.01028999064546305
11,00828,G.M. van der Linden,Gouda,30/11/1848,276159.77,0.025196850393700787
12,01582,W. Wijnaendts,Ridderkerk,30/11/1848,152344.32,0.08291873963515754
13,01582,W. Wijnaendts,Ridderkerk,09/12/1848,152344.32,0.02456140350877193
14,,J.L.Th.A.L. van Scherpenzeel Heusch,Sittard,30/11/1848,,0.011160714285714286
15,,J.L.Th.A.L. van Scherpenzeel Heusch,Sittard,09/12/1848,,0.08496732026143791
16,04021,J.J.F.M.H. Corneli,Sittard,14/06/1849,,0.08239700374531835
17,01000,N. Olivier,Zuidhorn,07/04/1869,,0.09350237717908082
18,01000,N. Olivier,Zuidhorn,08/06/1869,,0.1724137931034483
19,00607,S. van Houten,Groningen,28/10/1884,450750.19,0.1550695825049702
20,01142,D. de Ruiter Zijlker,Appingedam,12/06/1883,-4728.53,0.12260536398467432
21,00646,W.J.A. Jonckbloet,Winschoten,18/07/1864,,0.1282565130260521
22,00646,W.J.A. Jonckbloet,Winschoten,02/08/1864,,0.15953307392996108
23,,D. Mulder Dzn.,Winschoten,26/02/1878,,0.013533834586466165
24,01479,J.W.J. van Vos van Steenwijk,Winschoten,12/03/1878,225561.23,0.06148055207026349
25,01479,J.W.J. van Vos van Steenwijk,Winschoten,10/06/1879,225561.23,0.184577522559475
26,00348,H.L. Drucker,Winschoten,01/09/1887,3013169.65,0.05685358255451713
27,00315,J. Dirks,Leeuwarden,12/06/1860,,0.019249278152069296
28,00315,J. Dirks,Leeuwarden,30/10/1860,,0.0320048309178744
29,00616,H.U. Huguenin,Sneek,27/08/1850,,0.1302250803858521
30,00663,A.F. Jongstra,Sneek,27/08/1850,,0.1257234726688103
31,00616,H.U. Huguenin,Sneek,13/06/1854,,0.09492273730684327
32,01572,S. Wybenga,Sneek,12/06/1860,,0.08705882352941176
33,01572,S. Wybenga,Sneek,14/06/1864,,0.11076540136901059
34,00625,W.H. Idzerda,Sneek,10/06/1873,,0.0625
35,01572,S. Wybenga,Sneek,10/06/1873,,0.05752388535031847
36,00931,A. Moens,Sneek,08/06/1875,1750.0,0.15202971610506766
37,00625,W.H. Idzerda,Sneek,14/06/1881,,0.0034815211569362613
38,01572,S. Wybenga,Sneek,14/06/1881,,0.002544188537761114
39,01572,S. Wybenga,Sneek,28/10/1884,,0.03516150740242261
40,00132,Ph. van Blom,Sneek,28/10/1884,84135.86,0.034993270524899055
41,00239,A. Buma,Sneek,28/10/1884,,0.03415208613728129
42,00239,A. Buma,Sneek,01/09/1887,,0.005594978165938865
43,00553,B.H. Heldt,Sneek,01/09/1887,942.0,0.0024563318777292577
44,00222,I.T. ter Brugghen Hugenholtz,Dokkum,17/05/1853,,0.08266129032258064
45,00700,M. Kingma Hzn.,Dokkum,25/01/1859,,0.16695804195804195
46,00520,B.P. van Harinxma thoe Slooten,Dokkum,10/06/1873,1415907.0,0.01514301738642737
47,00102,W.A. Bergsma,Dokkum,08/06/1875,63082.0,0.18846503178928248
48,00618,I.F. van Humalda van Eysinga,Dokkum,14/06/1881,724670.74,0.04316546762589928
49,00044,E.J. Attema,Dokkum,28/10/1884,,0.08015267175572519
50,00696,E.B. Kielstra,Dokkum,28/10/1884,786814.81,0.07418893129770993
51,00556,N. van Heloma,Steenwijk,20/02/1851,243614.76,0.07963446475195822
52,01358,G.H. Thomassen Ã Thuessink van der Hoop,Steenwijk,12/06/1883,92730.02,0.08025122121423586
53,01358,G.H. Thomassen Ã Thuessink van der Hoop,Steenwijk,28/10/1884,92730.02,0.11153846153846154
54,01260,B.W.A.E. van Sloet tot Oldhuis,Zwolle,27/08/1850,240349.575,0.16820702402957485
55,00353,A.J. Duymaer van Twist,Zwolle,27/08/1850,279721.15,0.07182466332189068
56,00485,G. Groen van Prinsterer,Zwolle,08/06/1852,,0.013916500994035786
57,01603,J.P.J.A. graaf van Zuylen van Nijevelt,Zwolle,09/04/1861,61153.49,0.0925553319919517
58,00891,G.A. de Meester,Zwolle,10/06/1862,,0.02824858757062147
59,00293,A. van Dedem,Zwolle,12/06/1883,,0.15851272015655576
60,00293,A. van Dedem,Zwolle,28/10/1884,,0.06984866123399301
61,00042,T.A.J. van Asch van Wijck,Zwolle,28/10/1884,-101524.62,0.06344586728754366
62,00293,A. van Dedem,Zwolle,15/06/1886,,0.035451275903408117
63,00042,T.A.J. van Asch van Wijck,Zwolle,15/06/1886,-101524.62,0.027915738996403493
64,00293,A. van Dedem,Zwolle,01/09/1887,,0.08634378721714966
65,00042,T.A.J. van Asch van Wijck,Zwolle,01/09/1887,-101524.62,0.07741167129813419
66,00587,W.R. van Hoëvell,Almelo,11/09/1850,35658.425,0.0783132530120482
67,00872,M.J. de Man,Almelo,13/06/1854,,0.16080402010050251
68,00273,J.R. Corver Hooft,Almelo,08/06/1875,715203.6,0.08125623130608176
69,00273,J.R. Corver Hooft,Almelo,22/06/1875,715203.6,0.02669208770257388
70,00273,J.R. Corver Hooft,Almelo,10/06/1879,715203.6,0.08516638465877044
71,00776,A. van Laer,Almelo,06/05/1884,163189.74,0.022493887530562348
72,00776,A. van Laer,Almelo,20/05/1884,163189.74,0.018166089965397925
73,00273,J.R. Corver Hooft,Almelo,28/10/1884,715203.6,0.01715462031107045
74,00776,A. van Laer,Almelo,28/10/1884,163189.74,0.015096065873741994
75,00273,J.R. Corver Hooft,Almelo,11/11/1884,715203.6,0.030063965884861408
76,00089,A.H.M. van Berckel,Almelo,11/11/1884,41260.15,0.01556503198294243
77,00019,J. van Alphen,Almelo,15/06/1886,169915.83,0.028253908457336597
78,00273,J.R. Corver Hooft,Almelo,15/06/1886,715203.6,0.027123752119043134
79,00299,A. van Delden,Deventer,30/10/1866,95705.29,0.1525644363447019
80,00350,G. Dumbar,Deventer,30/10/1866,506302.01,0.12861234053631868
81,00299,A. van Delden,Deventer,22/01/1868,95705.29,0.10062893081761007
82,00350,G. Dumbar,Deventer,22/01/1868,506302.01,0.07902652447361225
83,01083,H.A. van Rappard,Zutphen,30/10/1866,0.0,0.0565410199556541
84,00285,J. Dam,Zutphen,30/10/1866,,0.013968957871396896
85,00198,W.G. van Brantsen van de Zijp,Zutphen,05/12/1882,724361.0,0.019762845849802372
86,00198,W.G. van Brantsen van de Zijp,Zutphen,12/06/1883,724361.0,0.0025575447570332483
87,00198,W.G. van Brantsen van de Zijp,Zutphen,28/10/1884,724361.0,0.0060427894822799285
88,01081,S.M.S. de Ranitz,Zutphen,28/10/1884,155957.88,0.0008165931732810714
89,01081,S.M.S. de Ranitz,Zutphen,15/06/1886,155957.88,0.03540937718684395
90,01552,J. Willink,Zutphen,15/06/1886,174000.0,0.031490552834149754
91,00855,W. van Lynden,Arnhem,24/09/1850,,0.08365130613442912
92,00861,Æ. van Mackay,Arnhem,24/09/1850,,0.07220428529498092
93,00855,W. van Lynden,Arnhem,08/10/1850,,0.08898706216472073
94,00861,Æ. van Mackay,Arnhem,08/10/1850,,0.06248027769012307
95,00855,W. van Lynden,Arnhem,14/06/1864,,0.15946097697922515
96,01256,P.W. van der Sleyden,Arnhem,15/06/1886,140590.47,0.005081719544018678
97,01130,W. Rooseboom,Arnhem,15/06/1886,251187.84,0.003982969372338965
98,00974,J.A.C.A. van Nispen van Sevenaer,Nijmegen,10/06/1862,,0.06440511307767945
99,00681,J.M. de Kempenaer,Tiel,09/11/1852,,0.043617021276595745
100,00681,J.M. de Kempenaer,Tiel,08/06/1858,,0.1902231668437832
101,00071,W.H. de Beaufort,Tiel,17/04/1877,,0.11768707482993197
102,00076,G.J.T. Beelaerts van Blokland,Tiel,28/10/1884,286116.44,0.007498660953401178
103,00046,F.W.J. van Aylva van Pallandt,Tiel,28/10/1884,320420.09,0.006070344581324764
104,00382,A.W. Engelen,Amersfoort,10/06/1856,30833.01,0.02966343411294923
105,00485,G. Groen van Prinsterer,Amersfoort,24/04/1860,,0.038834951456310676
106,00037,H.A.M. van Asch van Wijck,Amersfoort,10/06/1862,,0.05617088607594937
107,00037,H.A.M. van Asch van Wijck,Amersfoort,24/06/1862,,0.16457211250748055
108,00519,E.L. van Hardenbroek van Lockhorst,Amersfoort,13/06/1871,,0.18579881656804734
109,00037,H.A.M. van Asch van Wijck,Utrecht,17/05/1853,,0.10967741935483871
110,00697,N.P.J. Kien,Utrecht,08/06/1858,,0.15146831530139104
111,00697,N.P.J. Kien,Utrecht,12/06/1866,,0.06053550640279395
112,00878,E. du Marchie van Voorthuysen,Utrecht,30/10/1866,570020.14,0.17744154057771663
113,00697,N.P.J. Kien,Utrecht,30/10/1866,,0.10706098120128381
114,00697,N.P.J. Kien,Utrecht,13/11/1866,,0.06437768240343347
115,01118,J. Roëll,Utrecht,28/10/1884,583211.25,0.11087620389945971
116,00066,J.N. Bastert,Utrecht,28/10/1884,187460.88,0.10476861639652338
117,00428,L.G. Verwer,Hilversum,26/02/1878,80656.0,0.013107170393215111
118,00864,T.P. van Mackay,Hilversum,09/05/1882,259640.89,0.13567073170731708
119,00529,W.J.C. van Hasselt,Hoorn,30/11/1848,,0.18369351669941061
120,01190,E.T. Scheltinga Winterberg,Hoorn,14/12/1848,,0.07977207977207977
121,00943,S.A. de Moraaz,Alkmaar,30/11/1848,,0.06827731092436974
122,00963,A.S. van Nierop,Hoorn,20/04/1852,,0.004263093788063338
123,00963,A.S. van Nierop,Hoorn,05/05/1852,,0.1127906976744186
124,00515,F.A. van Hall,Hoorn,30/07/1858,,0.12535816618911175
125,00963,A.S. van Nierop,Hoorn,14/06/1864,,0.007659574468085106
126,00903,H. Mensonides,Hoorn,12/06/1866,73785.37,0.16747337850919652
127,00421,I.D. Fransen van de Putte,Hoorn,13/10/1874,,0.01933453237410072
128,00421,I.D. Fransen van de Putte,Hoorn,27/10/1874,,0.0867430441898527
129,01000,N. Olivier,Alkmaar,12/06/1866,,0.13160250671441362
130,00416,C. van Foreest,Alkmaar,25/10/1870,,0.08403779214321233
131,00666,W. van der Kaay,Alkmaar,28/10/1884,6642.13,0.14672686230248308
132,00232,J.L. de Bruyn Kops,Alkmaar,28/10/1884,27232.45,0.07129420617005267
133,00666,W. van der Kaay,Alkmaar,15/06/1886,6642.13,0.08797072724500686
134,00232,J.L. de Bruyn Kops,Alkmaar,15/06/1886,27232.45,0.0818722366214362
135,00515,F.A. van Hall,Haarlem,10/06/1862,,0.038461538461538464
136,00614,G.L.J. van der Hucht,Haarlem,30/10/1866,,0.022753128555176336
137,00437,J.H. Geertsema,Haarlem,30/10/1866,59189.94,0.015073947667804323
138,00437,J.H. Geertsema,Haarlem,13/11/1866,59189.94,0.02345809172377438
139,00614,G.L.J. van der Hucht,Haarlem,13/11/1866,,0.003426462836056932
140,00358,J. Duyvis,Haarlem,28/10/1884,478263.13,0.16625186660029864
141,00917,W. de Meyier,Haarlem,28/10/1884,187738.57,0.07789945246391239
142,00397,A.J.W. Farncombe Sanders,Haarlem,15/06/1886,12087.75,0.09860711916869334
143,00917,W. de Meyier,Haarlem,15/06/1886,187738.57,0.09639619721423834
144,00055,C. Backer,Amsterdam,27/08/1850,,0.14609286523216308
145,00464,M.H. Godefroi,Amsterdam,27/08/1850,,0.11751894764352296
146,01312,H. Stolte,Amsterdam,27/08/1850,,0.09530446903040335
147,00538,J. Heemskerk Bzn.,Amsterdam,27/08/1850,1948.0,0.0660336266225281
148,00515,F.A. van Hall,Amsterdam,27/08/1850,,0.04948166216569388
149,00464,M.H. Godefroi,Amsterdam,17/05/1853,,0.105017403854317
150,00419,S.R. van Franck,Amsterdam,17/05/1853,,0.04423125902029035
151,01312,H. Stolte,Amsterdam,17/05/1853,,0.02275235588759657
152,00183,J. Bosscha,Amsterdam,17/05/1853,,0.010781899991510314
153,00067,J.C. Baud,Amsterdam,17/05/1853,,0.00679174802614823
154,00419,S.R. van Franck,Amsterdam,13/06/1854,,0.07862097960899726
155,00183,J. Bosscha,Amsterdam,13/06/1854,,0.05759932730712634
156,00067,J.C. Baud,Amsterdam,13/06/1854,,0.03489594282110574
157,01100,J.G. Rijnders,Amsterdam,20/03/1860,,0.04344677769732078
158,00464,M.H. Godefroi,Amsterdam,10/06/1862,,0.16390336333491237
159,00538,J. Heemskerk Bzn.,Amsterdam,10/06/1862,1948.0,0.05897678825201327
160,00265,S. Cool,Amsterdam,14/06/1864,,0.06278625954198473
161,01331,J. van Swieten,Amsterdam,14/06/1864,80125.64,0.010114503816793893
162,00569,C. van Heukelom,Amsterdam,14/06/1864,504430.335,0.007442748091603053
163,00569,C. van Heukelom,Amsterdam,28/06/1864,504430.335,0.02265050665606994
164,01331,J. van Swieten,Amsterdam,28/06/1864,80125.64,0.02245181800119213
165,01092,G.C.J. van Reenen,Amsterdam,22/01/1868,587570.13,0.079692695791767
166,00628,H.A. Insinger,Amsterdam,22/01/1868,,0.00923059282192409
167,01116,J.J. Rochussen,Amsterdam,22/01/1868,,0.008198601077858044
168,01068,M.J. Pijnappel,Amsterdam,22/01/1868,1927298.96,0.008083935328517372
169,00464,M.H. Godefroi,Amsterdam,22/01/1868,,0.0054466230936819175
170,00184,P.P. van Bosse,Amsterdam,22/01/1868,178984.54,0.0028666437335167984
171,01303,T.J. Stieltjes,Amsterdam,08/06/1869,0.0,0.08030942334739803
172,00538,J. Heemskerk Bzn.,Amsterdam,08/06/1869,1948.0,0.0759493670886076
173,00784,M.J. de Lange,Amsterdam,08/06/1869,223380.55,0.057243319268635726
174,00631,E.H. s' Jacob,Amsterdam,12/10/1869,665450.23,0.18462316641375823
175,01092,G.C.J. van Reenen,Amsterdam,08/02/1870,587570.13,0.08638360175695461
176,00409,C. Fock,Amsterdam,13/06/1871,-4863.65,0.018690294891319396
177,01092,G.C.J. van Reenen,Amsterdam,13/06/1871,587570.13,0.012321749965388342
178,00631,E.H. s' Jacob,Amsterdam,13/06/1871,665450.23,0.003599612349439291
179,00631,E.H. s' Jacob,Amsterdam,27/06/1871,665450.23,0.011437095972153158
180,01303,T.J. Stieltjes,Amsterdam,10/06/1873,0.0,0.1104638619201726
181,00784,M.J. de Lange,Amsterdam,10/06/1873,223380.55,0.02826321467098166
182,00645,J.A. Jolles,Amsterdam,10/06/1873,28244.71,0.022653721682847898
183,01365,G. van Tienhoven,Amsterdam,26/02/1878,381103.35,0.011195928753180661
184,00458,A. Gildemeester,Amsterdam,27/03/1883,104918.0,0.01652892561983471
185,00118,J.J.W. van den Biesen,Haarlemmermeer,08/06/1869,100438.9,0.18181818181818182
186,01091,F.J.M.A. Reekers,Haarlemmermeer,19/03/1878,234556.0,0.19257773319959878
187,01091,F.J.M.A. Reekers,Haarlemmermeer,10/06/1879,234556.0,0.1104746317512275
188,01091,F.J.M.A. Reekers,Haarlemmermeer,24/06/1879,234556.0,0.039382239382239385
189,01091,F.J.M.A. Reekers,Haarlemmermeer,15/06/1886,234556.0,0.10449826989619378
190,01091,F.J.M.A. Reekers,Haarlemmermeer,29/06/1886,234556.0,0.10450685826257348
191,00456,D.T. Gevers van Endegeest,Leiden,27/08/1850,1026960.73,0.06997684589657834
192,01337,P.H. van Taets van Amerongen,Leiden,27/08/1850,,0.019037818368922047
193,01000,N. Olivier,Leiden,18/08/1857,,0.01602136181575434
194,01337,P.H. van Taets van Amerongen,Leiden,10/06/1862,,0.0008904719501335708
195,01509,O. van Wassenaer van Catwijck,Leiden,30/10/1866,465286.54,0.09409248863940123
196,01337,P.H. van Taets van Amerongen,Leiden,30/10/1866,,0.08527131782945736
197,01509,O. van Wassenaer van Catwijck,Leiden,22/01/1868,465286.54,0.1037037037037037
198,01337,P.H. van Taets van Amerongen,Leiden,22/01/1868,,0.01288244766505636
199,01337,P.H. van Taets van Amerongen,Leiden,22/06/1869,,0.19128329297820823
200,00573,H.A. Neeb,Leiden,18/03/1873,24784.9,0.10830945558739255
201,00088,J.L.C. van den Berch van Heemstede,Leiden,01/04/1873,2145671.5,0.15886188500296383
202,00088,J.L.C. van den Berch van Heemstede,Leiden,12/06/1877,2145671.5,0.09674282936315022
203,01509,O. van Wassenaer van Catwijck,Leiden,28/10/1884,465286.54,0.13692598028936884
204,00334,J.H. Donner,Leiden,28/10/1884,29614.65,0.1348291046340952
205,,H. graaf van Limburg Stirum,Leiden,15/06/1886,,0.018599791013584117
206,01268,J.P. Smeele,Leiden,15/06/1886,3565.77,0.012957157784743992
207,01509,O. van Wassenaer van Catwijck,Leiden,29/06/1886,465286.54,0.096137339055794
208,01268,J.P. Smeele,Leiden,29/06/1886,3565.77,0.030386266094420602
209,01268,J.P. Smeele,Leiden,01/09/1887,3565.77,0.022033898305084745
210,00988,J.P.T. van Nunen,Leiden,01/09/1887,,0.01751412429378531
211,00201,W.M. de Brauw,Gouda,14/06/1864,,0.11799410029498525
212,00201,W.M. de Brauw,Gouda,08/06/1869,,0.023362536503963287
213,00589,M.A.F.H. Hoffman,Gouda,13/06/1871,,0.1944279786603438
214,00201,W.M. de Brauw,Gouda,10/06/1873,,0.07777193904361535
215,01424,H.C. Verniers van der Loeff,Gouda,13/02/1874,234413.34,0.028615622583139984
216,00112,M. Bichon van Ysselmonde,Gouda,12/06/1877,437757.53,0.02529960053262317
217,00112,M. Bichon van Ysselmonde,Gouda,14/06/1881,437757.53,0.138860103626943
218,00465,K.A. Godin de Beaufort,Gouda,28/10/1884,,0.10063215445070904
219,00612,U.H. Huber,Gouda,28/10/1884,192459.58,0.09584828293182983
220,00465,K.A. Godin de Beaufort,Gouda,15/06/1886,,0.0469097995545657
221,00612,U.H. Huber,Gouda,15/06/1886,192459.58,0.04510022271714922
222,00465,K.A. Godin de Beaufort,Gouda,01/09/1887,,0.0798465829846583
223,00612,U.H. Huber,Gouda,01/09/1887,192459.58,0.07897489539748954
224,01557,W. Wintgens,Delft,17/05/1853,628560.775,0.1653206650831354
225,00586,C. Hoekwater,Delft,17/05/1853,2077.0,0.09524940617577198
226,00586,C. Hoekwater,Delft,12/06/1860,2077.0,0.039886039886039885
227,00968,J.L. Nierstrasz,Delft,08/06/1869,10900.76,0.17073170731707318
228,00968,J.L. Nierstrasz,Delft,10/06/1873,10900.76,0.10813594232749743
229,00968,J.L. Nierstrasz,Delft,24/06/1873,10900.76,0.09249884951679706
230,00255,F. de Casembroot,Delft,08/06/1875,1493.75,0.0747737111373475
231,00255,F. de Casembroot,Delft,22/06/1875,1493.75,0.10568454763811048
232,01183,A.M. Schagen van Leeuwen,Delft,12/06/1877,,0.03072263089571614
233,01183,A.M. Schagen van Leeuwen,Delft,26/06/1877,,0.14378029079159935
234,00089,A.H.M. van Berckel,Delft,12/06/1883,41260.15,0.042101341281669154
235,00089,A.H.M. van Berckel,Delft,26/06/1883,41260.15,0.02909218366631616
236,00396,J.C. Fabius,Delft,15/06/1886,,0.10143794935917474
237,00089,A.H.M. van Berckel,Delft,15/06/1886,41260.15,0.07986870897155361
238,00421,I.D. Fransen van de Putte,Rotterdam,22/01/1868,,0.05681653896197773
239,01437,W.A. Viruly Verbrugge,Rotterdam,22/01/1868,564769.07,0.05435882608067081
240,00130,F.W.C. Blom,Rotterdam,22/01/1868,149670.0,0.05132282781552696
241,00889,R.P. Mees R.Az.,Rotterdam,10/06/1879,366416.12,0.09733036707452725
242,01311,J. van Stolk Jzn.,Rotterdam,10/06/1879,193148.03,0.06423804226918799
243,01093,O. van Rees,Rotterdam,24/08/1880,454809.63,0.030671602326811213
244,01093,O. van Rees,Rotterdam,07/09/1880,454809.63,0.0542486797887662
245,00444,J. van Gennep,Rotterdam,14/06/1881,19484.52,0.010319917440660475
246,01424,H.C. Verniers van der Loeff,Rotterdam,12/02/1884,234413.34,0.1672289156626506
247,00165,W. Boreel van Hogelanden,Den Haag,27/08/1850,1873986.14,0.1349801499779444
248,00067,J.C. Baud,Den Haag,27/08/1850,,0.10101455668284076
249,00301,I.P. Delprat,Den Haag,23/05/1854,264187.29,0.18941798941798943
250,01202,R.J. graaf van Schimmelpenninck,Den Haag,10/06/1873,52516.85,0.13184438040345822
251,01202,R.J. graaf van Schimmelpenninck,Den Haag,12/06/1877,52516.85,0.13495072024260804
252,01557,W. Wintgens,Den Haag,12/06/1883,628560.775,0.11040339702760085
253,00483,L.G. Greeve,Den Haag,01/09/1887,-3976.6,0.037925696594427245
254,00470,H.M.A. van Goes van Dirxland,Den Haag,01/09/1887,81697.52,0.02760577915376677
255,00138,P. Blussé van Oud-Alblas,Dordrecht,27/08/1850,256112.74,0.029829028737722807
256,01074,G.A. de Raadt,Dordrecht,22/06/1852,685978.4,0.1213546566321731
257,01041,J.D. van der Poel,Dordrecht,10/06/1856,,0.042632066728452274
258,01169,P.A. Sander,Dordrecht,27/12/1859,,0.02510460251046025
259,01074,G.A. de Raadt,Dordrecht,13/02/1860,685978.4,0.0812274368231047
260,01006,J.B. van Osenbruggen,Dordrecht,22/04/1879,,0.11132254995242626
261,01006,J.B. van Osenbruggen,Dordrecht,06/05/1879,,0.132890365448505
262,00828,G.M. van der Linden,Dordrecht,14/06/1881,276159.77,0.04182509505703422
263,01195,C. Schiffer,Gorinchem,27/08/1850,,0.017382413087934562
264,00485,G. Groen van Prinsterer,Gorinchem,25/01/1859,,0.0625
265,00082,W.C.M. Begram,Gorinchem,30/10/1866,1124255.22,0.16615519508987286
266,01249,G. Simons,Gorinchem,30/10/1866,,0.08461201227531784
267,00691,L.W.C. Keuchenius,Gorinchem,10/06/1879,-8049.76,0.14519427402862986
268,01238,H. Seret,Gorinchem,23/09/1880,4436.6,0.15038972948188903
269,01238,H. Seret,Gorinchem,15/06/1886,4436.6,0.1466603654694392
270,00433,B.J.L. van Geer van Jutphaas,Gorinchem,15/06/1886,237120.17,0.14287964713295526
271,01556,W.P. Vis,Middelburg,10/06/1862,0.0,0.0637065637065637
272,00414,G.A. Fokker,Middelburg,22/01/1868,110826.79,0.08089544645128466
273,00368,D. van Eck,Middelburg,22/01/1868,236765.67,0.0801322818621216
274,00368,D. van Eck,Middelburg,12/06/1877,236765.67,0.17341040462427745
275,00598,P.C. 't Hooft,Middelburg,12/06/1883,,0.14123006833712984
276,01166,P.H. Saaymans Vader,Goes,14/06/1864,,0.04946236559139785
277,01166,P.H. Saaymans Vader,Goes,22/01/1868,,0.16462841015992474
278,01166,P.H. Saaymans Vader,Goes,08/06/1875,,0.14873417721518986
279,01177,A.F. de Savornin Lohman,Goes,10/06/1879,141708.44,0.0848729792147806
280,01177,A.F. de Savornin Lohman,Goes,24/06/1879,141708.44,0.14793901750423488
281,01050,J.L.C. Pompe van Meerdervoort,Goes,15/06/1886,-6331.17,0.023089355806972984
282,01177,A.F. de Savornin Lohman,Goes,15/06/1886,141708.44,0.006003232509812976
283,01203,A. van Schimmelpenninck van der Oye,Goes,29/06/1886,2103725.7,0.07593386405388855
284,01177,A.F. de Savornin Lohman,Goes,29/06/1886,141708.44,0.07430087773014901
285,00684,J.J. van Kerkwijk,Zierikzee,12/02/1863,319236.01,0.033807829181494664
286,00497,N.R.H. Guljé,Breda,25/02/1862,88957.915,0.10381978452497552
287,00497,N.R.H. Guljé,Breda,22/01/1868,88957.915,0.015230383651436284
288,00592,P.J.J. Hollingérus Pijpers,Breda,22/01/1868,1415.43,0.005205320994794679
289,00299,J.H.A. Diepen,Zevenbergen,23/04/1878,95705.29,0.05997624703087886
290,01522,R. van der Werk,Zevenbergen,07/05/1878,96000.41,0.05072886297376093
291,01522,R. van der Werk,Zevenbergen,14/06/1881,96000.41,0.009140767824497258
292,01522,R. van der Werk,Zevenbergen,28/06/1881,96000.41,0.03175519630484989
293,00481,P. Gouverneur,Tilburg,08/06/1852,,0.003658536585365854
294,00642,F.J. Jespers,Tilburg,17/05/1853,,0.07268433482025716
295,00078,C.C.A. Beens,Tilburg,17/05/1853,117229.005,0.056415638939910785
296,00078,C.C.A. Beens,Tilburg,19/01/1864,117229.005,0.17114093959731544
297,00078,C.C.A. Beens,Tilburg,03/02/1864,117229.005,0.11819116135662898
298,00078,C.C.A. Beens,Tilburg,30/10/1866,117229.005,0.05320328086898692
299,01414,J.B.A.J.M. Verheyen,Tilburg,30/10/1866,77284.135,0.051651518510308136
300,00057,B.M. Bahlmann,Tilburg,23/11/1880,,0.0077406869859700045
301,00057,B.M. Bahlmann,Tilburg,07/12/1880,,0.17702970297029702
302,00186,J.B. Bots,Eindhoven,17/05/1853,,0.10111256544502618
303,00681,J.F. van der Heyde,Eindhoven,17/05/1853,,0.022578534031413612
304,00063,C.A.H. Barge,Eindhoven,10/06/1879,-701.62,0.16133004926108374
305,00827,C. de Limpens,Maastricht,27/08/1850,,0.06788710907704043
306,00167,E.J.H. Borret,Maastricht,27/08/1850,,0.06331045003813883
307,00870,P.T. van der Maesen de Sombreff,Maastricht,22/01/1868,59367.64,0.03953545836422041
308,00113,C.A. van Bieberstein Rogalla Zawadsky,Maastricht,22/01/1868,697415.21,0.03508771929824561
309,00993,M.V. Nijst,Maastricht,03/02/1880,247924.405,0.06886075949367089
310,00839,P.L. de Lom de Berg,Roermond,27/08/1850,,0.04283054003724395
311,01581,J.J.A. van Wylick,Roermond,27/08/1850,31876.0,0.04143389199255121
312,,F.G.J. van Rijckevorsel van Kessel,Den Bosch,27/08/1850,,0.07176656151419558
313,01054,J.H.H. de Poorter,Den Bosch,11/09/1850,,0.004234724742891712
314,00607,S. van Houten,Groningen,06/03/1888,450750.19,0.09242695289206918
315,01391,J.D. Veegens,Groningen,06/03/1888,46534.3,0.07245080500894455
316,01404,S. van Velzen jr.,Zuidhorn,06/03/1888,189056.02,0.008944543828264758
317,01191,J. Schepel,Appingedam,06/03/1888,20128.53,0.14972571797353984
318,01191,J. Schepel,Appingedam,09/06/1891,20128.53,0.17838312829525482
319,00057,D.R. Mansholt,Winschoten,06/03/1888,,0.0027810885975367503
320,00326,F. Domela Nieuwenhuis,Schoterland,09/06/1891,63423.29,0.06300268096514745
321,00996,R.K. Okma,Wolvega,06/03/1888,,0.07390084190832553
322,00076,G.J.T. Beelaerts van Blokland,Steenwijk,10/04/1894,286116.44,0.0487693710118505
323,01269,H. Smeenge,Meppel,09/06/1891,,0.1807348560079444
324,00042,T.A.J. van Asch van Wijck,Kampen,06/03/1888,-101524.62,0.17417677642980936
325,00293,A. van Dedem,Ommen,06/03/1888,,0.14753272910372608
326,,E. van Weede van Dijkveld,Ommen,09/06/1891,,0.03902439024390244
327,00282,W.C.J.J. Cremers,Almelo,09/06/1891,725366.44,0.13438937148696986
328,01180,H.J.A.M. Schaepman,Almelo,23/07/1891,,0.13149425287356323
329,00438,W.J. Geertsema,Enschede,09/06/1891,,0.05185185185185185
330,00438,W.J. Geertsema,Enschede,23/06/1891,,0.02707581227436823
331,01483,A.F. Vos de Wael,Enschede,10/04/1894,212190.04,0.03049095607235142
332,01483,A.F. Vos de Wael,Enschede,24/04/1894,212190.04,0.06332320162107397
333,01203,A. van Schimmelpenninck van der Oye,Lochem,06/03/1888,2103725.7,0.022743177046885936
334,00197,C.M. Brantsen,Lochem,30/10/1888,690374.0,0.003436426116838488
335,01130,W. Rooseboom,Arnhem,06/03/1888,251187.84,0.10856269113149847
336,01113,P. Rink,Arnhem,10/04/1894,220457.0,0.11688311688311688
337,00057,B.M. Bahlmann,Elst,06/03/1888,,0.0431095406360424
338,00294,G.W. van Dedem,Elst,09/06/1891,80230.25,0.0584938704028021
339,00065,W.H.J.T. van Basten van Batenburg,Elst,10/04/1894,,0.1933884297520661
340,00065,W.H.J.T. van Basten van Batenburg,Elst,12/06/1894,,0.11840228245363767
341,00065,W.H.J.T. van Basten van Batenburg,Elst,26/06/1894,,0.007724719101123595
342,00833,C.M.E. van Löben Sels,Ede,10/04/1894,,0.10330361824855794
343,01204,J.E.N. van Schimmelpenninck van der Oye,Amersfoort,09/06/1891,,0.08921933085501858
344,01204,J.E.N. van Schimmelpenninck van der Oye,Amersfoort,23/06/1891,,0.18994162550516389
345,00245,W.K.F.P. graaf van Bylandt,Apeldoorn,10/04/1894,,0.11558307533539731
346,00245,W.K.F.P. graaf van Bylandt,Apeldoorn,24/04/1894,,0.1654490760636012
347,01118,J. Roëll,Utrecht,09/06/1891,583211.25,0.045454545454545456
348,01135,W.J. Royaards van den Ham,Breukelen,10/04/1894,2517738.19,0.1663265306122449
349,01070,J.H.J. Quarles van Ufford,Hilversum,26/01/1897,196416.19,0.03558897243107769
350,01444,D. Visser van Hazerswoude,Enkhuizen,06/03/1888,,0.1820046142014868
351,01613,J. Zijp,Enkhuizen,28/10/1890,54541.84,0.1661459812553252
352,00666,W. van der Kaay,Alkmaar,09/06/1891,6642.13,0.0948604992657856
353,00666,W. van der Kaay,Alkmaar,23/06/1891,6642.13,0.18075732317218385
354,00781,S.T. Land,Den Helder,06/03/1888,-14905.35,0.035765895953757225
355,01293,A.P. Staalman,Den Helder,30/10/1894,,0.14219712525667352
356,01293,A.P. Staalman,Den Helder,13/11/1894,,0.11120957022596367
357,00279,J.T. Cremer,Amsterdam,06/03/1888,,0.030761328615454858
358,00462,J.G. Gleichman,Amsterdam,06/03/1888,663355.45,0.02952003195982194
359,00458,A. Gildemeester,Amsterdam,06/03/1888,104918.0,0.029077730852642394
360,00682,A. Kerdijk,Amsterdam,06/03/1888,,0.027279990868622303
361,01339,J.P.R. Tak van Poortvliet,Amsterdam,06/03/1888,1515387.13,0.027237187535669446
362,00525,A.F.K. Hartogh,Amsterdam,06/03/1888,299479.575,0.026431058098390595
363,00553,B.H. Heldt,Amsterdam,06/03/1888,942.0,0.025168359776281245
364,01148,J.W.H. Rutgers van Rozenburg,Amsterdam,06/03/1888,932582.27,0.024968610889167905
365,01391,J.D. Veegens,Amsterdam,06/03/1888,46534.3,0.001812007761671042
366,00553,B.H. Heldt,Amsterdam,10/04/1894,942.0,0.03323741708934842
367,00525,A.F.K. Hartogh,Amsterdam,10/04/1894,299479.575,0.02881145142411237
368,00682,A. Kerdijk,Amsterdam,10/04/1894,,0.028372512680452596
369,01339,J.P.R. Tak van Poortvliet,Amsterdam,10/04/1894,1515387.13,0.02542186890362856
370,00279,J.T. Cremer,Amsterdam,10/04/1894,,0.022422454155286774
371,01491,W.K.M. Vrolik,Amsterdam,10/04/1894,75097.99,0.009510339445961764
372,01375,M.W.F. Treub,Amsterdam,10/04/1894,70949.45,0.008754389387436598
373,00462,J.G. Gleichman,Amsterdam,10/04/1894,663355.45,0.0011826960593055013
374,01148,J.W.H. Rutgers van Rozenburg,Amsterdam,10/04/1894,932582.27,0.0004267460007803355
375,00164,J.W.G. Boreel van Hogelanden,Beverwijk,09/06/1891,,0.008378016085790885
376,00164,J.W.G. Boreel van Hogelanden,Beverwijk,23/06/1891,,0.06416948111759288
377,01339,J. van Loenen Martinet,Beverwijk,20/06/1893,1515387.13,0.0026985350809560524
378,01091,F.J.M.A. Reekers,Haarlemmermeer,06/03/1888,234556.0,0.10241730279898219
379,01091,F.J.M.A. Reekers,Haarlemmermeer,20/03/1888,234556.0,0.18771100607697502
380,01091,F.J.M.A. Reekers,Haarlemmermeer,09/06/1891,234556.0,0.09754385964912281
381,01091,F.J.M.A. Reekers,Haarlemmermeer,23/06/1891,234556.0,0.08242664029014177
382,00334,J.H. Donner,Katwijk,06/03/1888,29614.65,0.004243281471004243
383,00334,J.H. Donner,Katwijk,20/03/1888,29614.65,0.07929515418502203
384,00334,J.H. Donner,Katwijk,09/06/1891,29614.65,0.0038269060936120106
385,00334,J.H. Donner,Katwijk,23/06/1891,29614.65,0.15252225519287835
386,01510,O.J.E. van Wassenaer van Catwijck,Gouda,15/05/1888,865244.75,0.1380933699489996
387,00530,J.P. Havelaar,Gouda,24/11/1891,104194.63,0.10175010175010175
388,01404,S. van Velzen jr.,Bodegraven,06/03/1888,189056.02,0.0195578231292517
389,00833,C.M.E. van Löben Sels,Bodegraven,10/04/1894,,0.06732976281560826
390,00071,W.H. de Beaufort,Delft,10/04/1894,,0.1173396674584323
391,01022,J.G. Patijn,Schiedam,06/03/1888,716511.0,0.16447368421052633
392,01022,J.G. Patijn,Schiedam,20/03/1888,716511.0,0.0925545043192102
393,00163,A.P.R.C. van Borch van Verwolde,Schiedam,20/11/1888,345281.52,0.0567139282735613
394,00462,J.G. Gleichman,Schiedam,09/06/1891,663355.45,0.09991235758106924
395,00826,O.J.H. graaf van Limburg Stirum,Schiedam,10/04/1894,,0.06741573033707865
396,00826,O.J.H. graaf van Limburg Stirum,Schiedam,24/04/1894,,0.05999097880018042
397,00889,R.P. Mees R.Az.,Rotterdam,06/03/1888,366416.12,0.07132744040102552
398,01424,H.C. Verniers van der Loeff,Rotterdam,06/03/1888,234413.34,0.0701412007806222
399,01437,W.A. Viruly Verbrugge,Rotterdam,06/03/1888,564769.07,0.06853403742394673
400,01130,W. Rooseboom,Rotterdam,06/03/1888,251187.84,0.06547277388742204
401,00810,H.D. Levyssohn Norman,Rotterdam,06/03/1888,63137.36,0.05303639077029044
402,01204,R.J. graaf van Schimmelpenninck,Den Haag,06/03/1888,,0.017639738109409664
403,00680,L.J.S. van Kempen,Den Haag,06/03/1888,787279.31,0.010605486716086791
404,00483,L.G. Greeve,Den Haag,06/03/1888,-3976.6,0.009739732698447053
405,00264,J.F.W. Conrad,Den Haag,09/06/1891,46901.34,0.021844016754148772
406,01067,J.M. Pijnacker Hordijk,Den Haag,09/06/1891,1673508.0,0.013997136949260379
407,00498,H.D. Guyot,Den Haag,09/06/1891,157637.66,0.013891098032978102
408,00108,J.G.S. Bevers,Den Haag,11/05/1894,-4366.5,0.07873859579531932
409,00500,S.M.H. van Gijn,Dordrecht,26/03/1889,1548611.47,0.07671653241273495
410,01238,H. Seret,Gorinchem,06/03/1888,4436.6,0.0808894618111505
411,01238,H. Seret,Gorinchem,09/06/1891,4436.6,0.12563494751100576
412,00433,B.J.L. van Geer van Jutphaas,Sliedrecht,06/03/1888,237120.17,0.12210526315789473
413,00433,B.J.L. van Geer van Jutphaas,Sliedrecht,09/06/1891,237120.17,0.18551873198847263
414,00766,A. Kuyper,Sliedrecht,24/04/1894,196020.0,0.03474903474903475
415,00691,L.W.C. Keuchenius,Goes,18/03/1890,-8049.76,0.14564896755162243
416,00691,L.W.C. Keuchenius,Goes,09/06/1891,-8049.76,0.13416320885200553
417,01228,J.H.J. Schreinemacher,Maastricht,15/05/1888,-1765.0,0.14491844416562108
418,01269,C. Schreinemacher,Maastricht,28/06/1892,,0.0539568345323741
419,01143,L.F.H.C. Ruland,Gulpen,06/03/1888,135971.01,0.17067307692307693
420,00999,J.E.H.W. van Olne,Roermond,18/06/1889,,0.11655629139072848
421,01180,H.J.A.M. Schaepman,Amsterdam I,15/06/1897,,0.030542579949694573
422,00486,H.F. Groen van Waarder,Amsterdam II,15/06/1897,712206.54,0.009530292716133424
423,00486,H.F. Groen van Waarder,Amsterdam II,25/06/1897,712206.54,0.05497220506485485
424,00525,A.F.K. Hartogh,Amsterdam III,15/06/1897,299479.575,0.12025769506084466
425,01034,N.G. Pierson,Amsterdam V,15/06/1897,,0.061752988047808766
426,00553,B.H. Heldt,Amsterdam VII,15/06/1897,942.0,0.11567164179104478
427,00983,P. Nolting,Amsterdam VIII,15/06/1897,1166.0,0.04589371980676329
428,00245,W.K.F.P. graaf van Bylandt,Apeldoorn,15/06/1897,,0.05988886602181519
429,01191,J. Schepel,Appingedam,15/06/1897,20128.53,0.03671861006627261
430,00299,A. van Delden,Deventer,15/06/1897,95705.29,0.09644840935869382
431,00568,H.F. Hesselink van Suchtelen,Doetinchem,15/06/1897,,0.09573778986915403
432,00568,H.F. Hesselink van Suchtelen,Doetinchem,25/06/1897,,0.01981981981981982
433,00815,F. Lieftinck,Franeker,15/06/1897,140421.18,0.04754142895952187
434,00815,F. Lieftinck,Franeker,25/06/1897,140421.18,0.11606941627225603
435,00264,J.F.W. Conrad,Den Haag II,15/06/1897,46901.34,0.04816308243727598
436,00264,J.F.W. Conrad,Den Haag II,25/06/1897,46901.34,0.12505219206680585
437,01067,J.M. Pijnacker Hordijk,Den Haag III,15/06/1897,1673508.0,0.11522224981375714
438,01067,J.M. Pijnacker Hordijk,Den Haag III,25/06/1897,1673508.0,0.13457459344803205
439,00904,J.M.M.H. Merkelbach,Gulpen,15/06/1897,,0.07722439843312814
440,00036,T.A.J. van Asch van Wijck,Haarlem,11/05/1900,174203.64,0.006045949214026602
441,01091,F.J.M.A. Reekers,Haarlemmermeer,15/06/1897,234556.0,0.14482153306026915
442,01391,J.D. Veegens,Hoogezand,15/06/1897,46534.3,0.09012756516916251
443,00975,J.W.J.C.M. van Nispen tot Sevenaer,Katwijk,15/06/1897,1249874.36,0.05436856161770317
444,00450,C.V. Gerritsen,Leeuwarden,15/06/1897,,0.06936708860759494
445,01069,H. Pyttersen,Leeuwarden,27/07/1897,10468.36,0.0866721177432543
446,01069,H. Pyttersen,Leeuwarden,03/08/1897,10468.36,0.07564422277639235
447,00089,A.H.M. van Berckel,Loosduinen,15/06/1897,41260.15,0.11075522589345921
448,01085,M. de Ras,Maastricht,02/03/1900,17068.73,0.1525015069318867
449,00889,R.P. Mees R.Az.,Rotterdam I,15/06/1897,366416.12,0.14979142965491088
450,00540,Th. Heemskerk,Sneek,15/06/1897,,0.1033643204957946
451,00893,J. Meesters 2,Steenwijk,15/06/1897,189500.0,0.026057030481809244
452,01110,N. de Ridder,Utrecht I,15/06/1897,-7817.25,0.14827660958161717
453,01271,E.A. Smidt,Veendam,15/06/1897,197995.34,0.191731843575419
454,00175,D. Bos,Winschoten,15/06/1897,40350.64,0.046484466246204156
455,01385,B.L. Tijdens,Winschoten,27/07/1897,,0.006967741935483871
456,00766,A. Kuyper,Zuidhorn,15/06/1897,196020.0,0.14132574928899586
457,00469,H. Goeman Borgesius,Zutphen,15/06/1897,237166.64,0.16420633604246143
458,00293,A. van Dedem,Zwolle,25/06/1897,,0.07955988150655946
459,00469,H. Goeman Borgesius,Zutphen,14/06/1901,237166.64,0.09014888843565164
460,00469,H. Goeman Borgesius,Zutphen,27/06/1901,237166.64,0.07338935574229692
461,00540,Th. Heemskerk,Gouda,14/06/1901,,0.04753048150444307
462,00264,J.F.W. Conrad,Den Haag II,14/06/1901,46901.34,0.1477422183252959
463,00975,J.W.J.C.M. van Nispen tot Sevenaer,Loosduinen,14/06/1901,1249874.36,0.05389779932860873
464,01075,E.E. van Raalte,Rotterdam V,14/06/1901,102624.57,0.09683290862759374
465,00413,E. Fokker,Alkmaar,14/06/1901,106947.5,0.0676667210174466
466,00613,H.F.R. Hubrecht,Amsterdam I,14/06/1901,3211360.5,0.11010174418604651
467,00486,H.F. Groen van Waarder,Amsterdam II,14/06/1901,712206.54,0.0006724949562878278
468,00567,C.H. den Hertog,Amsterdam III,14/06/1901,-159.0,0.043129860947442845
469,00689,T.M. Ketelaar,Amsterdam V,14/06/1901,-608.38,0.19595847237671488
470,00689,T.M. Ketelaar,Amsterdam V,27/06/1901,-608.38,0.023150565709312447
471,01352,C.J. den Tex,Amsterdam VI,14/06/1901,,0.037282020444978956
472,01352,C.J. den Tex,Amsterdam VI,27/06/1901,,0.10882016036655212
473,00983,P. Nolting,Amsterdam VIII,14/06/1901,1166.0,0.011536444677503933
474,04386,F.W. van Styrum,Haarlem,14/06/1901,,0.05900990099009901
475,01538,F.H. van Wichen,Haarlemmermeer,14/06/1901,,0.14686248331108145
476,01293,A.P. Staalman,Den Helder,14/06/1901,,0.10466679469944305
477,01091,F.J.M.A. Reekers,Hilversum,14/06/1901,234556.0,0.07894273127753304
478,00144,K. de Boer,Zaandam,14/06/1901,33404.69,0.1568508399109492
479,01050,J.J. Pompe van Meerdervoort,Zierikzee,14/06/1901,-6331.17,0.0485024154589372
480,00427,F.J.A.M. Wierdels,Breukelen,14/06/1901,290014.04,0.0331973293768546
481,01604,G.L. van der Zwaag,Schoterland,14/06/1901,,0.18958904109589042
482,01604,G.L. van der Zwaag,Weststellingwerf,14/06/1901,,0.01617826617826618
483,00861,Æ. van Mackay 2,Kampen,14/06/1901,,0.17958783120706576
484,00175,D. Bos,Winschoten,14/06/1901,40350.64,0.01545197012619109
485,01376,P.J. Troelstra,Veendam,30/07/1901,9204.94,0.0752212389380531
486,00325,W. Dolk,Den Haag II,11/09/1902,104957.58,0.008647798742138365
487,,G.J. Sybrandy,Alkmaar,31/03/1903,,0.14244538834951456
488,00245,W.K.F.P. graaf van Bylandt,Apeldoorn,16/06/1905,,0.15328370114331294
489,01454,P. van Vliet,Doetinchem,16/06/1905,,0.1758326878388846
490,01125,A. Roodhuyzen,Brielle,16/06/1905,918.62,0.12047647768395657
491,01034,N.G. Pierson,Gorinchem,16/06/1905,,0.015201969016939336
492,00635,J.C. Jansen,Den Haag III,16/06/1905,201638.63,0.07159640635798203
493,01411,J.B. Verhey,Rotterdam III,16/06/1905,13153.61,0.14025974025974025
494,00540,Th. Heemskerk,Sliedrecht,16/06/1905,,0.13286832255869344
495,00540,Th. Heemskerk,Sliedrecht,28/06/1905,,0.027978623074504872
496,00689,T.M. Ketelaar,Amsterdam V,16/06/1905,-608.38,0.18809643395278755
497,00071,W.H. de Beaufort,Amsterdam VI,16/06/1905,,0.12070143475290367
498,00303,C.T. van Deventer,Amsterdam IX,16/06/1905,690315.01,0.02322418663040067
499,00404,P.B.J. Ferf,Hoorn,16/06/1905,,0.1871814671814672
500,00144,K. de Boer,Zaandam,16/06/1905,33404.69,0.03144016227180527
501,00849,C. Lucasse,Middelburg,16/06/1905,219929.72,0.07738023044269254
502,01375,F.M. Wibaut,Leeuwarden,16/06/1905,70949.45,0.006687898089171975
503,00995,H. Okma,Sneek,16/06/1905,,0.1355791569863923
504,00995,H. Okma,Sneek,28/06/1905,,0.13407210863118466
505,01604,G.L. van der Zwaag,Schoterland,16/06/1905,,0.15619087660290099
506,00615,F.W.N. Hugenholtz,Weststellingwerf,16/06/1905,,0.038391224862888484
507,00019,J. van Alphen,Ommen,16/06/1905,169915.83,0.14410905550146055
508,00354,L.F. Duymaer van Twist,Steenwijk,16/06/1905,,0.004508005596144878
509,00348,H.L. Drucker,Groningen,16/06/1905,3013169.65,0.10337972166998012
510,00773,K. ter Laan,Hoogezand,16/06/1905,,0.12924424972617743
511,01269,H. Smeenge,Meppel,16/06/1905,,0.16639477977161501
512,00815,F. Lieftinck,Zutphen,01/08/1905,140421.18,0.029433406916850625
513,00815,F. Lieftinck,Zutphen,08/08/1905,140421.18,0.12865755036024115
514,00888,P.R. Mees,Rotterdam V,07/09/1905,286640.0,0.12368064952638701
515,01446,J.T. de Visser,Leiden,26/10/1906,39590.62,0.15074309978768577
516,,J. van der Molen Tz.,Franeker,02/10/1907,,0.04192085093070546
517,00432,D.J. de Geer,Schiedam,09/10/1907,,0.17811787691305764
518,00934,J. van der Molen Tz.,Sliedrecht,13/03/1908,,0.19296592871722407
519,,A. van Heeckeren van Kell,Lochem,11/06/1909,,0.05584203244874859
520,00463,N. Glinderman,Alkmaar,11/06/1909,4915.5,0.08525995263335964
521,00613,H.F.R. Hubrecht,Amsterdam I,11/06/1909,3211360.5,0.12919463087248323
522,00689,T.M. Ketelaar,Amsterdam V,11/06/1909,-608.38,0.07138928610713893
523,00806,F.K. van Lennep,Haarlem,23/06/1909,,0.006495012758060774
524,00404,P.B.J. Ferf,Hoorn,11/06/1909,,0.11662315056570931
525,00357,J.E.W. Duijs,Zaandam,11/06/1909,,0.10633185149585486
526,00357,J.E.W. Duijs,Zaandam,23/06/1909,,0.017745685962550484
527,01472,G.A. Vorsterman van Oyen,Oostburg,11/06/1909,9233.55,0.04710801393728223
528,00672,C.E. van Koetsveld,Franeker,11/06/1909,,0.06857891671520093
529,00766,A. Kuyper,Ommen,11/06/1909,196020.0,0.1423448275862069
530,00354,L.F. Duymaer van Twist,Steenwijk,11/06/1909,,0.12944649446494466
531,01610,A. Zijlstra,Appingedam,11/06/1909,,0.01571347678369196
532,01269,H. Smeenge,Meppel,11/06/1909,,0.1553902059179789
533,01152,C.J.M. Ruijs de Beerenbrouck,Gulpen,11/06/1909,,0.18776854769407048
534,01580,J.B.L.C.C. van Wijkerslooth de Weerdesteijn,Breukelen,22/09/1909,509484.55,0.13232543640897756
535,00408,A.N. Fleskens,Helmond,12/07/1910,,0.17380995805216123
536,01147,V.H. Rutgers,Hilversum,01/02/1912,,0.17978069646945416
537,01376,P.J. Troelstra,Leeuwarden,17/06/1913,9204.94,0.1387197016780609
538,00245,W.K.F.P. graaf van Bylandt,Apeldoorn,17/06/1913,,0.11974567290709996
539,00245,W.K.F.P. graaf van Bylandt,Apeldoorn,25/06/1913,,0.008711146307661849
540,01548,J.A. de Wilde,Arnhem,17/06/1913,,0.021386337904138887
541,01454,P. van Vliet,Doetinchem,17/06/1913,,0.14254787676935887
542,01125,A. Roodhuyzen,Brielle,17/06/1913,918.62,0.06497252747252748
543,00432,H.C. Hogerzeil,Dordrecht,17/06/1913,,0.0908434604740705
544,00773,K. ter Laan,Den Haag I,17/06/1913,,0.10827547382248076
545,01283,J.R. Snoeck Henkemans,Den Haag II,17/06/1913,48452.93,0.059656495523478896
546,00789,J.H. Lasonder,Rotterdam III,17/06/1913,,0.16815666240953597
547,00432,D.J. de Geer,Schiedam,17/06/1913,,0.1709871025411825
548,00934,J. van der Molen Tz.,Sliedrecht,17/06/1913,,0.13790470372632865
549,00613,H.F.R. Hubrecht,Amsterdam I,17/06/1913,3211360.5,0.1944586967675731
550,00517,G.A. van Hamel,Amsterdam IV,17/06/1913,65716.68,0.18128964059196617
551,00689,T.M. Ketelaar,Amsterdam V,17/06/1913,-608.38,0.10229759299781181
552,01451,W.H. Vliegen,Amsterdam IX,17/06/1913,22299.0,0.15320970042796006
553,01003,N. Oosterbaan,Enkhuizen,17/06/1913,5477.0,0.07151572031909902
554,00892,T.H. de Meester,Den Helder,17/06/1913,59820.95,0.08281036834924965
555,00892,T.H. de Meester,Den Helder,25/06/1913,59820.95,0.16296914095079232
556,00655,W.J.E.H.M. de Jong,Hoorn,17/06/1913,4507.0,0.11832157258064516
557,01177,A.F. de Savornin Lohman,Goes,17/06/1913,141708.44,0.09608158883521202
558,00949,R.R.L. de Muralt,Oostburg,17/06/1913,41664.44,0.14084673604541154
559,,W.C. van Roëll,Utrecht I,17/06/1913,,0.013515048268029529
560,00557,W.P.G. Helsdingen,Franeker,17/06/1913,,0.024195765740995325
561,00615,F.W.N. Hugenholtz,Weststellingwerf,17/06/1913,,0.08801879404855129
562,00615,F.W.N. Hugenholtz,Weststellingwerf,25/06/1913,,0.08918475287251505
563,00875,H.P. Marchant,Deventer,17/06/1913,,0.1982502965599051
564,00106,E.J. Beumer,Kampen,17/06/1913,,0.14200511218403863
565,00106,E.J. Beumer,Kampen,25/06/1913,,0.020128930403894223
566,00354,L.F. Duymaer van Twist,Steenwijk,17/06/1913,,0.07223445239405614
567,01189,J.H.A. Schaper,Appingedam,17/06/1913,3860.3,0.051094890510948905
568,01288,H. Spiekman,Hoogezand,17/06/1913,18002.82,0.0710907944514502
569,01170,G.W. Sannes,Veendam,17/06/1913,11708.35,0.1161629434954008
570,01170,G.W. Sannes,Veendam,25/06/1913,11708.35,0.13910761154855644
571,00175,D. Bos,Winschoten,17/06/1913,40350.64,0.01629292221443588
572,00175,D. Bos,Winschoten,25/06/1913,40350.64,0.11122788579435978
573,01269,H. Smeenge,Meppel,17/06/1913,,0.15105601469237834
574,01113,P. Rink,Hoogezand,04/08/1913,220457.0,0.02356230031948882
575,00369,B.D. Eerdmans,Rotterdam III,07/01/1914,,0.058468799160985845
576,00369,B.D. Eerdmans,Rotterdam III,14/01/1914,,0.14579841991860187
577,01011,J. Oudegeest,Amsterdam III,04/11/1913,,0.12843488649940263
578,01283,J.R. Snoeck Henkemans,Apeldoorn,29/02/1916,48452.93,0.16822066822066822
579,00090,E.A. van Beresteijn,Winschoten,17/06/1916,,0.0987012987012987
580,00727,W.F.W. Kolkman,Weert,27/04/1916,-34892.1,0.12622574587940746
581,00518,J.A. van Hamel,Amsterdam IV,03/04/1917,,0.17898334045279796
582,01010,P.J. Oud,Den Helder,15/05/1917,,0.02129992169146437
583,01010,P.J. Oud,Den Helder,22/05/1917,,0.09738873378223026
584,00447,A.H. Gerhard,Amsterdam II,15/06/1917,,0.13636363636363635
585,00447,A.H. Gerhard,Amsterdam II,22/06/1917,,0.17990867579908676
586,01596,A.B. de Zeeuw,Rotterdam II,14/12/1917,,0.020207477847417332
587,01596,A.B. de Zeeuw,Rotterdam II,21/12/1917,,0.01839587932303164
588,00432,D.J. de Geer,Schiedam,22/10/1907,,0.06629834254143646
0,,mr. J. van Riemsdijk,Almelo,02/01/1849,29618.27,-0.1125
1,,mr. H. van Sonsbeeck,Enschede,30/11/1848,,-0.09484536082474226
2,,mr. H. van Sonsbeeck,Enschede,16/12/1848,,-0.14549180327868852
3,,mr. R.W. Tadema,Zutphen,30/11/1848,,-0.13617021276595745
4,,J.G. Dolmans,Ysselstein,30/11/1848,,-0.01028999064546305
5,,W. de la Haye,Sittard,30/11/1848,,-0.011160714285714286
6,,W. de la Haye,Sittard,09/12/1848,,-0.08496732026143791
7,,D. Mulder Dzn.,Winschoten,12/03/1878,1018.44,-0.06148055207026349
8,,D. Mulder Dzn.,Winschoten,10/06/1879,1018.44,-0.184577522559475
9,,mr. D. Wicherlink,Zwolle,28/10/1884,,-0.06422196352347691
10,,mr. R.A. Fockema,Zwolle,15/06/1886,,-0.027915738996403493
11,,mr. D. Wicherlink,Zwolle,15/06/1886,,-0.033224867271793114
12,,mr. R.A. Fockema,Zwolle,01/09/1887,,-0.07741167129813419
13,,mr. B.G. ten Pol,Almelo,11/09/1850,,-0.0783132530120482
14,,mr. S.J. baron van Pallandt,Almelo,08/06/1875,1076713.3,-0.08125623130608176
15,,mr. S.J. baron van Pallandt,Almelo,22/06/1875,1076713.3,-0.02669208770257388
16,,H.P. Gelderman,Almelo,10/06/1879,747677.45,-0.08516638465877044
17,,J.E. Stork,Almelo,28/10/1884,833477.66,-0.015096065873741994
18,,J.E. Stork,Almelo,11/11/1884,833477.66,-0.02601279317697228
19,,mr. B.A. Reigers,Zutphen,30/10/1866,23690.56,-0.04944567627494457
20,,jhr.mr. H.B. van Tets,Zutphen,05/12/1882,191080.8,-0.019762845849802372
21,,jhr.mr. H.B. van Tets,Zutphen,12/06/1883,191080.8,-0.0025575447570332483
22,,K.W. van Gorkom,Zutphen,28/10/1884,,-0.0027764167891556426
23,,P.C.G. Guyot,Arnhem,24/09/1850,,-0.07220428529498092
24,,mr. G.J.C. Schneither,Arnhem,24/09/1850,,-0.099501027296742
25,,P.C.G. Guyot,Arnhem,08/10/1850,,-0.06248027769012307
26,,mr. G.J.C. Schneither,Arnhem,08/10/1850,,-0.07983591038182392
27,,J.A. Alberdingk Thijm,Amersfoort,13/06/1871,,-0.18579881656804734
28,,J.F.H. Bekhuis,Hilversum,09/05/1882,,-0.13567073170731708
29,,mr. W. Terpstra,Hoorn,12/06/1866,,-0.16747337850919652
30,,jhr.mr. H.G.C.L. Janssens,Alkmaar,25/10/1870,1320432.3,-0.08403779214321233
31,,W. Bos,Alkmaar,28/10/1884,24601.03,-0.07129420617005267
32,,jhr. M. Salvador,Haarlem,10/06/1862,66519.1,-0.12774725274725274
33,,mr. T.M.C. Asser,Amsterdam,08/02/1870,,-0.13518789653489507
34,,J.P. de Bordes,Amsterdam,13/06/1871,152328.28,-0.003599612349439291
35,,J.P. de Bordes,Amsterdam,27/06/1871,152328.28,-0.011437095972153158
36,,mr. H.A. Neeb,Leiden,22/06/1869,423225.03,-0.19128329297820823
37,,mr. H.A. Neeb,Leiden,01/04/1873,423225.03,-0.15886188500296383
38,,mr. H.A. Neeb,Leiden,12/06/1877,423225.03,-0.09674282936315022
39,,mr. J.B.L. Wentholt,Gouda,14/06/1864,92380.13,-0.11799410029498525
40,,mr. J.B.L. Wentholt,Gouda,13/06/1871,92380.13,-0.1944279786603438
41,,mr. J.T. Buys,Gouda,10/06/1873,30261.24,-0.09248554913294797
42,,dr. T.C.L. Wijnmalen,Gouda,12/06/1877,2029.28,-0.04334226988382484
43,,mr. A.A. van Bergen Ijzendoorn,Gouda,14/06/1881,218015.78,-0.138860103626943
44,,J. van der Breggen,Gouda,28/10/1884,147877.78,-0.09584828293182983
45,,jhr.mr. H.G.C.L. Janssens,Delft,12/06/1860,1320432.3,-0.039886039886039885
46,,C.J. Vaillant,Delft,10/06/1873,218359.52,-0.10813594232749743
47,,C.J. Vaillant,Delft,24/06/1873,218359.52,-0.09249884951679706
48,,C.J. Vaillant,Delft,08/06/1875,218359.52,-0.0747737111373475
49,,C.J. Vaillant,Delft,22/06/1875,218359.52,-0.10568454763811048
50,,mr. A.M. Maas Geesteranus,Delft,15/06/1886,106079.28,-0.08487027195998749
51,,mr. D. Mulder,Breda,25/02/1862,,-0.1366307541625857
52,,mr. J.H. van Mierlo,Breda,25/02/1862,,-0.14201762977473065
53,,mr. P.E.A. Janssens,Breda,22/01/1868,48650.18,-0.09716599190283401
54,,dr. T.C.L. Wijnmalen,Zevenbergen,23/04/1878,2029.28,-0.10332541567695962
55,,J.H.A. Diepen,Zevenbergen,07/05/1878,153379.83,-0.05072886297376093
56,,mr. H.A. van Mens,Tilburg,19/01/1864,73732.34,-0.17114093959731544
57,,mr. D. Mulder,Tilburg,03/02/1864,,-0.11819116135662898
58,,J.H.A. Diepen,Tilburg,23/11/1880,153379.83,-0.0077406869859700045
59,,J.F. van der Heyde,Tilburg,23/11/1880,,-0.10836961780358007
60,,J.H.A. Diepen,Tilburg,07/12/1880,153379.83,-0.17702970297029702
61,,mr. M. van den Acker,Eindhoven,17/05/1853,,-0.08704188481675393
62,,J.H.A. Diepen,Eindhoven,10/06/1879,153379.83,-0.16133004926108374
63,,mr. F.G.J. baron van Rijckevorsel van Kessel,Den Bosch,11/09/1850,336478.51,-0.004234724742891712
64,,mr. J.H.A.M. Essink,Ommen,09/06/1891,483898.69,-0.19951219512195123
65,,mr. J.H.A.M. Essink,Enschede,09/06/1891,483898.69,-0.05185185185185185
66,,mr. J.H.A.M. Essink,Enschede,23/06/1891,483898.69,-0.02707581227436823
67,,W. Bos,Enkhuizen,06/03/1888,24601.03,-0.1820046142014868
68,,W. Bos,Enkhuizen,28/10/1890,24601.03,-0.1661459812553252
69,,E.J.J. Kuinders,Amsterdam,06/03/1888,,-0.0033600616367994523
70,,W. Bos,Beverwijk,09/06/1891,24601.03,-0.008378016085790885
71,,W. Bos,Beverwijk,23/06/1891,24601.03,-0.06416948111759288
72,,dr. T.C.L. Wijnmalen,Haarlemmermeer,09/06/1891,2029.28,-0.17719298245614035
73,,J.G. van Schaardenburg,Dordrecht,26/03/1889,203448.98,-0.07671653241273495
74,,F.G. Mellink Pzn.,Amsterdam II,15/06/1897,448.58,-0.009530292716133424
75,,F.G. Mellink Pzn.,Amsterdam II,25/06/1897,448.58,-0.05497220506485485
76,,J. Hoven,Zwolle,25/06/1897,-14938.28,-0.07955988150655946
77,,C.A. Zelvelder,Alkmaar,31/03/1903,,-0.16080097087378642
78,,J.H. Tromp Meesters,Steenwijk,16/06/1905,3047267.23,-0.004508005596144878
79,,mr. S.C.H. Piccardt,Winschoten,30/11/1848,,-0.10540915395284327
80,,mr. W.J. Mees,Appingedam,27/12/1848,,-0.13450292397660818
81,,mr. D. Bonthuis,Appingedam,27/12/1848,,-0.15789473684210525
82,,P.W. Wiertsema,Appingedam,27/12/1848,,-0.18128654970760233
83,,W. Waalkens,Appingedam,27/12/1848,,-0.18567251461988304
84,,J.D.C.C.W. baron van Ablaing van Giessenburg,Amersfoort,30/11/1848,,-0.006925207756232687
85,,J.D.C.C.W. baron van Ablaing van Giessenburg,Amersfoort,07/12/1848,,-0.18950437317784258
86,,mr. L. Luzac,Gouda,30/11/1848,,-0.15433070866141732
87,,A. Vogelsang,Ridderkerk,30/11/1848,10000,-0.08291873963515754
88,,L. Kluit,Ridderkerk,30/11/1848,,-0.17744610281923714
89,,P.J. de Raadt van Hendrik-Ido-Ambacht,Ridderkerk,30/11/1848,350170,-0.1857379767827529
90,,A. Vogelsang,Ridderkerk,09/12/1848,10000,-0.02456140350877193
91,,jhr. E. de Wendt Alberda van Ekenstein,Zuidhorn,07/04/1869,,-0.09350237717908082
92,,H.W. Wierda,Zuidhorn,07/04/1869,,-0.11885895404120443
93,,H.W. Wierda,Zuidhorn,08/06/1869,,-0.1724137931034483
94,,P.W.A. Cort van der Linden,Groningen,28/10/1884,,-0.1550695825049702
95,,J.G. Nederhoed,Appingedam,12/06/1883,,-0.12260536398467432
96,,T. Borgesius,Winschoten,18/07/1864,,-0.1282565130260521
97,,mr. W. Woldringh,Winschoten,18/07/1864,124707.09,-0.1683366733466934
98,,T. Borgesius,Winschoten,02/08/1864,,-0.15953307392996108
99,,L.G. Brock,Winschoten,26/02/1878,,-0.19699248120300752
100,,A. Winkler Prins,Winschoten,01/09/1887,,-0.05685358255451713
101,,jhr.mr. O.Q. van Swinderen,Winschoten,01/09/1887,7201,-0.06853582554517133
102,,J.G. Nederhoed,Winschoten,01/09/1887,,-0.07398753894080996
103,,mr. J.H. Smidt,Winschoten,01/09/1887,,-0.09774143302180685
104,,J. Hessels Tacoma,Leeuwarden,12/06/1860,,-0.019249278152069296
105,,J. Hessels Tacoma,Leeuwarden,30/10/1860,,-0.0320048309178744
106,,mr. B. Rinia van Nauta,Sneek,13/06/1854,,-0.09492273730684327
107,,L. Britzel,Sneek,12/06/1860,,-0.08705882352941176
108,,jhr.mr. O.Q.J.J. van Swinderen,Sneek,14/06/1864,,-0.11076540136901059
109,,J. Wolbers,Sneek,10/06/1873,,-0.06528662420382166
110,,J. Binkes,Sneek,08/06/1875,52747.98,-0.15202971610506766
111,,mr. W. baron van Heemstra,Sneek,14/06/1881,,-0.007498660953401178
112,,jhr. A. Lycklama Ã Nijeholt,Sneek,28/10/1884,,
113,,K. Kater,Sneek,01/09/1887,574.25,-0.06782205240174673
114,,jhr.mr. D. de Blocq van Haersma de With,Dokkum,17/05/1853,,-0.08266129032258064
115,,jhr. J.A. Lycklama Ã Nijeholt,Dokkum,25/01/1859,,
116,,W. Reilingh,Dokkum,10/06/1873,,-0.10544026920919798
117,,mr. B.J. Gratama,Dokkum,08/06/1875,137220.48,-0.18846503178928248
118,,mr. B.J. Gratama,Dokkum,14/06/1881,137220.48,-0.04316546762589928
119,,J. de Jong,Dokkum,28/10/1884,,-0.07538167938931298
120,,mr. A.J. Dijckmeester,Steenwijk,12/06/1883,,-0.08025122121423586
121,,mr. A.J. Dijckmeester,Steenwijk,28/10/1884,,-0.11153846153846154
122,,mr. J.C. Bijsterbos,Zwolle,08/06/1852,44527.82,-0.0775347912524851
123,,mr. S.J. van Roijen,Zwolle,12/06/1883,,-0.15851272015655576
124,,mr. S.J. van Roijen,Zwolle,28/10/1884,,-0.06344586728754366
125,,mr. D. Wicherlink,Zwolle,01/09/1887,,-0.08019055180627233
126,,S.A. van Hoogstraten,Almelo,13/06/1854,15000,-0.16080402010050251
127,,mr. E.J.I. van Sonsbeeck,Almelo,06/05/1884,6491.81,-0.022493887530562348
128,,mr. E.J.I. van Sonsbeeck,Almelo,20/05/1884,6491.81,-0.018166089965397925
129,,A.H. Jannink,Almelo,15/06/1886,,-0.03409304953851949
130,,mr. W.A.A.J. baron van Schimmelpenninck van der Oye,Deventer,22/01/1868,,-0.07902652447361225
131,,mr. J.D.C. baron van Heeckeren van Kell,Zutphen,15/06/1886,,-0.036529041287613716
132,,mr. J.F. Pringle,Arnhem,14/06/1864,0,-0.15946097697922515
133,,mr. R. baron van Melvil van Lynden,Arnhem,15/06/1886,,-0.008515313830517787
134,,jhr. B. van Merlen,Tiel,08/06/1858,24020.65,-0.1902231668437832
135,,P.A.C.H.T.A. WerdmÃÂ¼ller von Elgg,Tiel,17/04/1877,,
136,,mr. C. Pijnacker Hordijk,Tiel,28/10/1884,,-0.01642563827887877
137,,S.A. van Hoogstraten,Amersfoort,10/06/1856,15000,-0.1853964632059327
138,,mr. H. Verloren van Themaat,Amersfoort,10/06/1862,,-0.05617088607594937
139,,mr. H. Verloren van Themaat,Amersfoort,24/06/1862,,-0.16457211250748055
140,,jhr.mr. J.L.B. de Muralt,Utrecht,08/06/1858,,-0.15146831530139104
141,,mr. B.G.A. Pabst,Utrecht,12/06/1866,,-0.09953434225844005
142,,mr. H. Verloren van Themaat,Utrecht,13/11/1866,,-0.06437768240343347
143,,jhr. P. Opperdoes Alewijn,Hoorn,30/11/1848,,-0.18369351669941061
144,,J.C. Pilaar,Hoorn,14/12/1848,,-0.07977207977207977
145,,G. van Leeuwen,Alkmaar,30/11/1848,20000,-0.06827731092436974
146,,jhr. P. Opperdoes Alewijn,Hoorn,20/04/1852,,-0.004263093788063338
147,,jhr. P. Opperdoes Alewijn,Hoorn,05/05/1852,,-0.1127906976744186
148,,mr. J.G.A. Faber,Hoorn,30/07/1858,,-0.12535816618911175
149,,C. Bloem,Hoorn,13/10/1874,1500,-0.01933453237410072
150,,C. Bloem,Hoorn,27/10/1874,1500,-0.0867430441898527
151,,J.D. van Herwerden,Alkmaar,12/06/1866,101860.72,-0.13160250671441362
152,,H.W. van Marle,Alkmaar,15/06/1886,,-0.08797072724500686
153,,H.G. Jansen,Haarlem,30/10/1866,42292.42,-0.04778156996587031
154,,H.G. Jansen,Haarlem,13/11/1866,42292.42,-0.011597258829731154
155,,jhr. J.P. Cornets de Groot van Kraayenburg,Amsterdam,17/05/1853,23708.04,-0.027506579505900332
156,,jhr. J.P. Cornets de Groot van Kraayenburg,Amsterdam,13/06/1854,23708.04,-0.03489594282110574
157,,dr. A. Vrolik,Amsterdam,20/03/1860,477922.42,-0.11368573497465605
158,,J.D. van Herwerden,Amsterdam,10/06/1862,101860.72,-0.05897678825201327
159,,J.J.A. Santhagens,Amsterdam,14/06/1864,,-0.02538167938931298
160,,J.J.A. Santhagens,Amsterdam,28/06/1864,,-0.03556526922312736
161,,mr. J. Wertheim,Amsterdam,22/01/1868,-3564.84,-0.014447884416924664
162,,dr. J. Bosscha jr.,Amsterdam,12/10/1869,,-0.18462316641375823
163,,mr. M.J. van Lennep,Amsterdam,26/02/1878,409734.41,-0.15826972010178117
164,,H.W. van Marle,Amsterdam,27/03/1883,,-0.12973533990659056
165,,H.F. Bultman,Haarlemmermeer,19/03/1878,,-0.19257773319959878
166,,H.F. Bultman,Haarlemmermeer,10/06/1879,,-0.1104746317512275
167,,H.F. Bultman,Haarlemmermeer,24/06/1879,,-0.039382239382239385
168,,H.F. Bultman,Haarlemmermeer,15/06/1886,,-0.10449826989619378
169,,H.F. Bultman,Haarlemmermeer,29/06/1886,,-0.10450685826257348
170,,mr. J.H. van der Sande,Leiden,27/08/1850,1000,-0.02058142526369951
171,,dr. P. Bleeker,Leiden,10/06/1862,0,-0.14425645592163847
172,,jhr.mr. H. van Alphen,Leiden,30/10/1866,0,-0.08527131782945736
173,,jhr.mr. H. van Alphen,Leiden,22/01/1868,0,-0.015458937198067632
174,,W.J.F. Nuyens,Leiden,18/03/1873,1162.52,-0.12091690544412607
175,,J. Rinkes Borger,Leiden,15/06/1886,,-0.012957157784743992
176,,J. Rinkes Borger,Leiden,29/06/1886,,-0.0767381974248927
177,,mr. F. Was,Leiden,01/09/1887,,-0.030131826741996232
178,,dr. J. Bosscha jr.,Gouda,08/06/1869,,-0.023362536503963287
179,,jhr.mr. H.J. van der Heim,Gouda,13/02/1874,,-0.11562258313998454
180,,mr. A.J. Roest,Gouda,28/10/1884,,-0.09806936613702374
181,,mr. A.J. Roest,Gouda,15/06/1886,,-0.04510022271714922
182,,mr. J. Fortuijn Droogleever,Gouda,15/06/1886,42472.22,-0.04788418708240535
183,,mr. A.J. Roest,Gouda,01/09/1887,,-0.07897489539748954
184,,mr. J. Fortuijn Droogleever,Gouda,01/09/1887,42472.22,-0.08106694560669456
185,,mr. R.J.C. Metelerkamp,Delft,08/06/1869,12880.46,-0.17073170731707318
186,,S. Gille Heringa,Delft,12/06/1877,,-0.03072263089571614
187,,S. Gille Heringa,Delft,26/06/1877,,-0.14378029079159935
188,,mr. A.E.J. Modderman,Delft,12/06/1883,271386.1,-0.042101341281669154
189,,mr. A.E.J. Modderman,Delft,26/06/1883,271386.1,-0.02909218366631616
190,,mr. D.C.A. graaf van Hogendorp,Rotterdam,22/01/1868,112653.58,-0.05132282781552696
191,,mr. W.H. Jansen,Rotterdam,10/06/1879,,-0.06423804226918799
192,,M.L. van Deventer,Rotterdam,24/08/1880,417.56,-0.030671602326811213
193,,M.L. van Deventer,Rotterdam,07/09/1880,417.56,-0.0542486797887662
194,,G.P. Ittmann,Rotterdam,14/06/1881,,-0.043343653250773995
195,,M.L. van Deventer,Rotterdam,12/02/1884,417.56,-0.1672289156626506
196,,R.F. baron van Raders,Den Haag,23/05/1854,10000,-0.18941798941798943
197,,jhr.mr. J.K.J. de Jonge,Den Haag,10/06/1873,335043.96,-0.13184438040345822
198,,L. Mulder,Den Haag,12/06/1877,,-0.13495072024260804
199,,jhr. G.J.G. Klerck,Den Haag,12/06/1883,221790.82,-0.11040339702760085
200,,J. Canter Visscher,Den Haag,01/09/1887,,-0.06707946336429309
201,,A. Vogelsang,Dordrecht,27/08/1850,10000,-0.029829028737722807
202,,A. Vogelsang,Dordrecht,22/06/1852,10000,-0.1213546566321731
203,,A. Vogelsang,Dordrecht,10/06/1856,10000,-0.19555143651529194
204,,jhr.mr. H.J. van der Heim,Dordrecht,13/02/1860,,-0.1931407942238267
205,,G.A. Loeff,Dordrecht,22/04/1879,239838.59,-0.11132254995242626
206,,G.A. Loeff,Dordrecht,06/05/1879,239838.59,-0.132890365448505
207,,I. Esser,Dordrecht,14/06/1881,8512.66,-0.04182509505703422
208,,mr. P.L. Begram van Jaarsveld,Gorinchem,27/08/1850,,-0.1901840490797546
209,,jhr. B. van Merlen,Gorinchem,25/01/1859,24020.65,-0.19959677419354838
210,,jhr. G.J.G. Klerck,Gorinchem,10/06/1879,221790.82,-0.14519427402862986
211,,J.A.A. Waldorp,Gorinchem,23/09/1880, ,-0.15038972948188903
212,,jhr.mr. J.G.H. van Tets van Goudriaan,Middelburg,10/06/1862,,-0.10038610038610038
213,,jhr.mr. H.J. van der Heim,Middelburg,22/01/1868,,-0.0801322818621216
214,,J. Wolbers,Middelburg,12/06/1877,,-0.17341040462427745
215,,mr. W.J. Snouck Hurgronje,Middelburg,12/06/1883,,-0.14123006833712984
216,,mr. C.J. PickÃÂ©,Goes,14/06/1864,,
217,,O. Verhagen,Goes,14/06/1864,,-0.0989247311827957
218,,mr. C.J. PickÃÂ©,Goes,22/01/1868,,
219,,mr. M.J. de Witt Hamer,Goes,08/06/1875,,-0.14873417721518986
220,,mr. W.A. van Hoek,Goes,10/06/1879,,-0.0848729792147806
221,,mr. W.A. van Hoek,Goes,24/06/1879,,-0.14793901750423488
222,,mr. L.A. Bijbau,Goes,15/06/1886,,-0.006003232509812976
223,,mr. L.A. Bijbau,Goes,29/06/1886,,-0.09573382322923045
224,,C. Goekoop,Zierikzee,12/02/1863,,-0.19750889679715303
225,,W.F. del Campo,Zierikzee,12/02/1863,,-0.199288256227758
226,,mr. L. van Rijckevorsel,Zevenbergen,14/06/1881,,-0.009140767824497258
227,,C.N. Tieleman,Zevenbergen,14/06/1881,,-0.15295551492992077
228,,mr. L. van Rijckevorsel,Zevenbergen,28/06/1881,,-0.03175519630484989
229,,jhr. L.L.G.M. de Villers de PitÃÂ©,Maastricht,27/08/1850,,
230,,A. Roberti,Maastricht,27/08/1850,,-0.09725400457665904
231,,mr. L.H. Wenmaekers,Maastricht,22/01/1868,,-0.09167284408203608
232,,A.L.E. Roberti,Maastricht,03/02/1880,,-0.06886075949367089
233,,mr. J.B.H. van de Mortel,Den Bosch,27/08/1850,,-0.07518401682439538
234,,jhr.mr. W.H. de Savornin Lohman,Appingedam,06/03/1888,,-0.14972571797353984
235,,jhr.mr. W.H. de Savornin Lohman,Appingedam,09/06/1891,,-0.17838312829525482
236,,P. Dijkhuis,Winschoten,06/03/1888,,-0.1907032181168057
237,,dr. V. Bruinsma,Wolvega,06/03/1888,,-0.1117867165575304
238,,A. Wiersinga,Steenwijk,10/04/1894,7620.5,-0.09298085688240657
239,,B. Berends,Meppel,09/06/1891,85138.85,-0.1807348560079444
240,,mr. T. Ruijs,Kampen,06/03/1888,,-0.17417677642980936
241,,jhr. G.J. van der Wijck,Ommen,06/03/1888,,-0.14753272910372608
242,,W.H. Dikkers,Almelo,09/06/1891,,-0.13438937148696986
243,,W.H. Dikkers,Almelo,23/07/1891,,-0.13149425287356323
244,,mr. R.E. Hattink,Enschede,10/04/1894,123276.72,-0.03049095607235142
245,,mr. R.E. Hattink,Enschede,24/04/1894,123276.72,-0.06332320162107397
246,,jhr.mr. J.G. ridder van Rappard,Lochem,06/03/1888,550000,-0.022743177046885936
247,,jhr.mr. J.G. ridder van Rappard,Lochem,30/10/1888,550000,-0.003436426116838488
248,,mr. R. baron van Melvil van Lynden,Arnhem,06/03/1888,,-0.10856269113149847
249,,mr. J.F. Bijleveld,Arnhem,10/04/1894,324737.86,-0.11688311688311688
250,,jhr.mr. J.G. ridder van Rappard,Elst,06/03/1888,550000,-0.13992932862190813
251,,A.D. Sipman,Elst,09/06/1891,13922.27,-0.06164623467600701
252,,E.D. de Meester,Elst,10/04/1894,91573.89,-0.1933884297520661
253,,E.D. de Meester,Elst,12/06/1894,91573.89,-0.11840228245363767
254,,E.D. de Meester,Elst,26/06/1894,91573.89,-0.007724719101123595
255,,mr. W.H.J. Rooijaards,Amersfoort,09/06/1891,,-0.08921933085501858
256,,mr. W.H.J. Rooijaards,Amersfoort,23/06/1891,,-0.18994162550516389
257,,jhr.mr. G.W. Mollerus,Apeldoorn,10/04/1894,101398.46,-0.11558307533539731
258,,jhr.mr. G.W. Mollerus,Apeldoorn,24/04/1894,101398.46,-0.1654490760636012
259,,H.A. van Beuningen,Utrecht,09/06/1891,,-0.045454545454545456
260,,A.N.J. Fabius,Hilversum,26/01/1897,,-0.05213032581453634
261,,A. Goede,Alkmaar,09/06/1891,,-0.0948604992657856
262,,A. Goede,Alkmaar,23/06/1891,,-0.18075732317218385
263,,H.W. van Marle,Den Helder,06/03/1888,,-0.035765895953757225
264,,D.C. Loman,Den Helder,06/03/1888,27504.35,-0.13258670520231214
265,,J.J. Kraakman,Den Helder,30/10/1894,9906.75,-0.14219712525667352
266,,H. van Calcar,Den Helder,30/10/1894,30482.17,-0.15503080082135523
267,,J.J. Stooker,Den Helder,30/10/1894,105489.13,-0.1771047227926078
268,,J.J. Kraakman,Den Helder,13/11/1894,9906.75,-0.11120957022596367
269,,H. Waller,Amsterdam,06/03/1888,,-0.003174580527337062
270,,mr. L.M. Povel,Amsterdam,06/03/1888,,-0.004551421070654035
271,,mr. J.F. Farensbach,Amsterdam,06/03/1888,,-0.005200604953772401
272,,dr. J.A.J. van Nederhasselt,Amsterdam,06/03/1888,355024.25,-0.0056571738386028995
273,,P.J. Raaymakers,Amsterdam,06/03/1888,,-0.017099931514667276
274,,dr. V. Bruinsma,Amsterdam,06/03/1888,,-0.021494407031160827
275,,mr. W. Heineken,Amsterdam,10/04/1894,,-0.012143971907920405
276,,E.J.J. Kuinders,Amsterdam,10/04/1894,0,-0.020910554038236443
277,,J.J.H. Kervel,Beverwijk,09/06/1891,,-0.05361930294906166
278,,H. Waller,Beverwijk,20/06/1893,,-0.1808018504240555
279,,H.F. Bultman,Haarlemmermeer,06/03/1888,,-0.10241730279898219
280,,H.F. Bultman,Haarlemmermeer,20/03/1888,,-0.18771100607697502
281,,jhr. J.B. van Merlen,Haarlemmermeer,09/06/1891,20718.66,-0.09754385964912281
282,,jhr. J.B. van Merlen,Haarlemmermeer,23/06/1891,20718.66,-0.08242664029014177
283,,mr. J. Maschek,Katwijk,06/03/1888,,-0.004243281471004243
284,,jhr.mr. H.A.C. de la Bassecour Caan,Katwijk,06/03/1888,,-0.18132956152758134
285,,mr. J. Maschek,Katwijk,20/03/1888,,-0.07929515418502203
286,,A. op de Laak,Katwijk,09/06/1891,,-0.0038269060936120106
287,,A. op de Laak,Katwijk,23/06/1891,,-0.15252225519287835
288,,mr. J. Fortuijn Droogleever,Gouda,15/05/1888,42472.22,-0.1380933699489996
289,,P. van der Breggen,Gouda,24/11/1891,,-0.10175010175010175
290,,A.J.T. Hofman,Bodegraven,06/03/1888,,-0.08361678004535147
291,,J.J. Duynstee,Bodegraven,10/04/1894,,-0.0703902065799541
292,,L.W. Jansen,Schiedam,06/03/1888,,-0.16447368421052633
293,,L.W. Jansen,Schiedam,20/03/1888,,-0.0925545043192102
294,,jhr.mr. W. Six,Schiedam,20/11/1888,,-0.0567139282735613
295,,S.A. Maas,Schiedam,10/04/1894,516592.11,-0.06741573033707865
296,,S.A. Maas,Schiedam,24/04/1894,516592.11,-0.05999097880018042
297,,P.C. Evers,Den Haag,06/03/1888,533694.54,-0.015529462691412803
298,,C.A. Steger,Den Haag,09/06/1891,76141.68,-0.0423625470547691
299,,mr. A.J.W. van Roijen,Den Haag,11/05/1894,79719.55,-0.16898056326854421
300,,J.J. van Tienhoven van den Boogaard,Gorinchem,06/03/1888,455960.26,-0.0808894618111505
301,,W.F. Tak,Gorinchem,09/06/1891,15660.35,-0.12563494751100576
302,,K. van Wijngaarden,Sliedrecht,06/03/1888,,-0.12210526315789473
303,,J. Lels,Sliedrecht,09/06/1891,,-0.18551873198847263
304,,J.A. van Haaften,Sliedrecht,24/04/1894,219524.43,-0.03474903474903475
305,,J.H.C. Heijse,Goes,18/03/1890,,-0.14564896755162243
306,,J.H.C. Heijse,Goes,09/06/1891,,-0.13416320885200553
307,,E.F.H.J. de Beaumont,Maastricht,15/05/1888,,-0.14491844416562108
308,,mr. G.A.A. Tripels,Maastricht,28/06/1892,,-0.08478931140801645
309,,G.L.D. Franquinet,Maastricht,28/06/1892,,-0.17728674203494346
310,,G. Smeets,Gulpen,06/03/1888,,-0.17067307692307693
311,,mr. L. Geradts,Roermond,18/06/1889,,-0.11655629139072848
312,,G.A. Aalderink,Amsterdam II,15/06/1897,,-0.13682777399591559
313,,T.J. Weesing,Amsterdam II,15/06/1897,,-0.1592920353982301
314,,A.D. de Marez Oyens,Amsterdam II,15/06/1897,2874672.52,-0.1708645336963921
315,,W. Hovy,Amsterdam III,15/06/1897,,-0.12025769506084466
316,,G.H. Wagenaar,Amsterdam VII,15/06/1897,,-0.1919568822553897
317,,A. Harmsen jr.,Amsterdam VIII,15/06/1897,,-0.15338164251207728
318,,H.C. van der Houven van Oordt,Apeldoorn,15/06/1897,10000,-0.05988886602181519
319,,J. Bouwes,Appingedam,15/06/1897,,-0.03671861006627261
320,,H.A. Pauwen,Doetinchem,15/06/1897,266114.47,-0.09573778986915403
321,,H.A. Pauwen,Doetinchem,25/06/1897,266114.47,-0.01981981981981982
322,,H. Kamstra,Franeker,15/06/1897,,-0.04754142895952187
323,,Z. Middelkoop,Franeker,15/06/1897,146850.29,-0.13447432762836187
324,,H. Kamstra,Franeker,25/06/1897,,-0.11606941627225603
325,,H.A. le Bron de Vexela,Den Haag II,15/06/1897,,-0.04816308243727598
326,,H.A. le Bron de Vexela,Den Haag II,25/06/1897,,-0.12505219206680585
327,,J.D. baron van Wassenaer van Rosande,Den Haag III,15/06/1897,,-0.11522224981375714
328,,H.J.G. van Hoogstraten,Den Haag III,15/06/1897,https://www.wikidata.org/wiki/Q2135286,-0.13409485969704496
329,,J.D. baron van Wassenaer van Rosande,Den Haag III,25/06/1897,,-0.13457459344803205
330,,mr. L.H.W. Regout,Gulpen,15/06/1897,,-0.07722439843312814
331,,L. Modoo,Haarlem,11/05/1900,1134.47,-0.03476420798065296
332,,W.A.J. van de Kamp,Haarlem,11/05/1900,,-0.14510278113663846
333,,dr. P.J. Muller,Haarlem,11/05/1900,,-0.15175332527206772
334,,A. Wiersinga,Hoogezand,15/06/1897,7620.5,-0.09012756516916251
335,,W.C. van Munster,Leeuwarden,15/06/1897,,-0.16025316455696204
336,,J.F.H. Bekhuis,Leeuwarden,15/06/1897,,-0.17924050632911392
337,,W. Bax,Leeuwarden,27/07/1897,,-0.0866721177432543
338,,W.C. van Munster,Leeuwarden,27/07/1897,,-0.14799672935404742
339,,W. Bax,Leeuwarden,03/08/1897,,-0.07564422277639235
340,,mr. J.L.G.L.P. Haex,Maastricht,02/03/1900,,-0.1525015069318867
341,,W. Kroese,Sneek,15/06/1897,,-0.15161575918548031
342,,H.A. van Beuningen,Utrecht I,15/06/1897,,-0.17212226316930415
343,,M.H.A. van der Valk,Veendam,15/06/1897,,-0.191731843575419
344,,A. Wiersinga,Winschoten,15/06/1897,7620.5,-0.18617145526746087
345,,P. Dijkhuis,Winschoten,27/07/1897,,-0.1992258064516129
346,,H.W.C. de Jonge,Zutphen,15/06/1897,,-0.16420633604246143
347,,R.P.J. Tutein Nolthenius,Zutphen,14/06/1901,,-0.09014888843565164
348,,R.P.J. Tutein Nolthenius,Zutphen,27/06/1901,,-0.07338935574229692
349,,W.B. van Liefland,Den Haag II,14/06/1901,,-0.1477422183252959
350,,F.J. van Rijswijk,Rotterdam V,14/06/1901,,-0.09683290862759374
351,,mr. S. Muller Hzn.,Rotterdam V,14/06/1901,,-0.16235893702220605
352,,J.F.M. Sterck,Amsterdam I,14/06/1901,,-0.11010174418604651
353,,J. Deen,Amsterdam V,14/06/1901,221271.58,-0.19595847237671488
354,,J. Deen,Amsterdam V,27/06/1901,221271.58,-0.023150565709312447
355,,H.W. van Marle,Amsterdam VI,14/06/1901,,-0.037282020444978956
356,,H.W. van Marle,Amsterdam VI,27/06/1901,,-0.10882016036655212
357,,A.J.C.J.S. Bergsma,Amsterdam VIII,14/06/1901,,-0.1373885684320923
358,,P.H. van Outersterp,Amsterdam VIII,14/06/1901,,-0.1546932354483482
359,,W.A.J. van de Kamp,Haarlem,14/06/1901,,-0.05900990099009901
360,,C.S. Jaring,Den Helder,14/06/1901,2062.01,-0.10466679469944305
361,,J.J.B. Fanoy,Hilversum,14/06/1901,,-0.08370044052863436
362,,dr. H. Gorter,Hilversum,14/06/1901,,-0.19982378854625552
363,,J.A. de Bruijne,Zierikzee,14/06/1901,,-0.0485024154589372
364,,mr. H.J. Doude van Troostwijk,Breukelen,14/06/1901,,-0.19306379821958458
365,,dr. H. Blink,Weststellingwerf,14/06/1901,,-0.10286935286935286
366,,mr. F.O. van der Dussen,Kampen,14/06/1901,510914.83,-0.17958783120706576
367,,F.H. Boels,Veendam,30/07/1901,,-0.1541297935103245
368,,jhr.mr. W.T. Gevers Deynoot 2,Den Haag II,11/09/1902,,-0.008647798742138365
369,,jhr.mr. R.A.P. Sandberg tot Essenburg,Apeldoorn,16/06/1905,,-0.15328370114331294
370,,D. Brocx,Doetinchem,16/06/1905,,-0.1758326878388846
371,,mr. ÃÂ. baron van Mackay Thzn.,Brielle,16/06/1905,,
372,,mr. L. van Andel,Gorinchem,16/06/1905,,-0.015201969016939336
373,,dr. W.C.A. baron van Vredenburch,Den Haag III,16/06/1905,,-0.07159640635798203
374,,K.A. Warmenhoven jr.,Rotterdam III,16/06/1905,,-0.14025974025974025
375,,jhr.mr. H. Smissaert,Sliedrecht,16/06/1905,,-0.13286832255869344
376,,jhr.mr. H. Smissaert,Sliedrecht,28/06/1905,,-0.027978623074504872
377,,mr. G.A.P.M. van der Aa,Amsterdam V,16/06/1905,7828.18,-0.18809643395278755
378,,jhr. C. RoÃÂ«ll,Amsterdam VI,16/06/1905,,
379,,J.G. van Kuykhof,Amsterdam IX,16/06/1905,1067.52,-0.14227429647452663
380,,mr. J.N.J.E. Thijssen,Hoorn,16/06/1905,,-0.1871814671814672
381,,J. Windhouwer,Zaandam,16/06/1905,,-0.10257896261953058
382,,H. Snijders,Middelburg,16/06/1905,,-0.07738023044269254
383,,T.A. Hettinga,Leeuwarden,16/06/1905,,-0.1323248407643312
384,,dr. C.J. Niemeijer,Sneek,16/06/1905,,-0.1355791569863923
385,,dr. C.J. Niemeijer,Sneek,28/06/1905,,-0.13407210863118466
386,,J. Huizinga,Schoterland,16/06/1905,,-0.15619087660290099
387,,C.A. Zelvelder,Weststellingwerf,16/06/1905,,-0.17751371115173675
388,,dr. W.J.M. Engelberts,Ommen,16/06/1905,,-0.14410905550146055
389,,H. de Wilde,Hoogezand,16/06/1905,,-0.12924424972617743
390,,U.G. Schilthuis Jzn.,Hoogezand,16/06/1905,,-0.14129244249726178
391,,J. Knoppers,Meppel,16/06/1905,,-0.16639477977161501
392,,R.P.J. Tutein Nolthenius,Zutphen,01/08/1905,,-0.029433406916850625
393,,R.P.J. Tutein Nolthenius,Zutphen,08/08/1905,,-0.12865755036024115
394,,J.P. van Term,Rotterdam V,07/09/1905,,-0.12368064952638701
395,,H. Paul,Leiden,26/10/1906,,-0.15074309978768577
396,,dr. A. van Raalte,Franeker,02/10/1907,,-0.1753480369153762
397,,H.J. Versteeg,Schiedam,09/10/1907,,-0.17811787691305764
398,,jhr.mr. H. Smissaert,Sliedrecht,13/03/1908,,-0.19296592871722407
399,,J. Kok,Lochem,11/06/1909,,-0.1474028424097598
400,,F.C.J. Netscher,Alkmaar,11/06/1909,,-0.14852825081763843
401,,J.N. Hendrix,Amsterdam I,11/06/1909,,-0.12919463087248323
402,,J.G. van Kuykhof,Amsterdam V,11/06/1909,1067.52,-0.12638873611263887
403,,mr. J.H. Thiel,Haarlem,23/06/1909,,-0.006495012758060774
404,,C.D. Wesseling,Hoorn,11/06/1909,,-0.11662315056570931
405,,H.J.C. van Tienen,Zaandam,11/06/1909,,-0.10633185149585486
406,,H.J.C. van Tienen,Zaandam,23/06/1909,,-0.017745685962550484
407,,mr. P. Dieleman,Oostburg,11/06/1909,,-0.04710801393728223
408,,H.W. Teesselink,Ommen,11/06/1909,,-0.1423448275862069
409,,mr. J. van Gilse,Steenwijk,11/06/1909,,-0.12944649446494466
410,,H. Groenewout,Appingedam,11/06/1909,,-0.18020951302378255
411,,B. Berends,Meppel,11/06/1909,85138.85,-0.1553902059179789
412,,P.M.F.H. Brouwers,Gulpen,11/06/1909,,-0.18776854769407048
413,,I.A. Swane,Helmond,12/07/1910,,-0.17380995805216123
414,,J. Esmeijer,Apeldoorn,17/06/1913,,-0.11974567290709996
415,,J. Esmeijer,Apeldoorn,25/06/1913,,-0.008711146307661849
416,,L.M. Hermans,Arnhem,17/06/1913,,-0.14593030569883003
417,,H.P.J. Bloemers,Doetinchem,17/06/1913,,-0.14254787676935887
418,,A.W. Heijkoop,Brielle,17/06/1913,,-0.19065934065934065
419,,J.H.F. van Zadelhoff,Dordrecht,17/06/1913,,-0.17470821802430514
420,,C. Smeenk,Den Haag I,17/06/1913,,-0.10827547382248076
421,,L. Hoejenbos,Den Haag II,17/06/1913,,-0.1443449661976978
422,,H. Stulemeijer,Rotterdam III,17/06/1913,,-0.16815666240953597
423,,dr. J.H. Gunning Wzn.,Schiedam,17/06/1913,,-0.1709871025411825
424,,dr. W.W. van der Meulen,Sliedrecht,17/06/1913,,-0.13790470372632865
425,,J.W. Smit,Amsterdam I,17/06/1913,,-0.1944586967675731
426,,J. Loopuit,Amsterdam IV,17/06/1913,,-0.18128964059196617
427,,J. ter Haar jr.,Amsterdam V,17/06/1913,,-0.14340418880900282
428,,F.C.J. Netscher,Enkhuizen,17/06/1913,253.33,-0.07151572031909902
429,,C. Thomassen,Den Helder,17/06/1913,,-0.08281036834924965
430,,C. Thomassen,Den Helder,25/06/1913,,-0.16296914095079232
431,,C.D. Wesseling,Hoorn,17/06/1913,,-0.11832157258064516
432,,J.G. Moojen,Goes,17/06/1913,,-0.09608158883521202
433,,mr. P. Dieleman,Oostburg,17/06/1913,,-0.14084673604541154
434,,dr. P. Kohnstamm,Weststellingwerf,17/06/1913,,-0.08801879404855129
435,,J. de Bruijn,Weststellingwerf,17/06/1913,,-0.1514487079091621
436,,dr. P. Kohnstamm,Weststellingwerf,25/06/1913,,-0.08918475287251505
437,,J.C. baron van Haersolte,Deventer,17/06/1913,,-0.1982502965599051
438,,J.C. de Gast,Kampen,17/06/1913,,-0.14200511218403863
439,,J.C. de Gast,Kampen,25/06/1913,,-0.020128930403894223
440,,mr.dr. E. van Ketwich Verschuur,Steenwijk,17/06/1913,,-0.07223445239405614
441,,R. Koppe,Hoogezand,17/06/1913,,-0.1465952080706179
442,,H. Snijders,Veendam,17/06/1913,,-0.1161629434954008
443,,H. Snijders,Veendam,25/06/1913,,-0.13910761154855644
444,,L.M. Hermans,Winschoten,17/06/1913,,-0.01629292221443588
445,,L.M. Hermans,Winschoten,25/06/1913,,-0.11122788579435978
446,,F. Fokkens,Meppel,17/06/1913,,-0.15105601469237834
447,,T. van der Waerden,Hoogezand,04/08/1913,,-0.02356230031948882
448,,H. Stulemeijer,Rotterdam III,07/01/1914,,-0.058468799160985845
449,,H. Stulemeijer,Rotterdam III,14/01/1914,,-0.14579841991860187
450,,J. Esmeijer,Apeldoorn,29/02/1916,,-0.16822066822066822
451,,K. Stenhuis,Winschoten,17/06/1916,,-0.0987012987012987
452,,G.J.H. Peters,Weert,27/04/1916,,-0.18172334654704778
453,,J. Loopuit,Amsterdam IV,03/04/1917,,-0.17898334045279796
454,,C. Thomassen,Den Helder,15/05/1917,,-0.02129992169146437
455,,C. Thomassen,Den Helder,22/05/1917,,-0.09738873378223026
456,,dr. Z. Kamerling,Amsterdam II,15/06/1917,,-0.13636363636363635
457,,dr. Z. Kamerling,Amsterdam II,22/06/1917,,-0.17990867579908676
458,,J. Schouten,Rotterdam II,14/12/1917,,-0.020207477847417332
459,,J. Schouten,Rotterdam II,21/12/1917,,-0.01839587932303164
460,,H.J. Versteeg,Schiedam,22/10/1907,,-0.06629834254143646
461,,mr. A. Oudeman,Onderdendam,30/11/1848,,-0.2890995260663507
462,,dr. P.J. Costerus,Sneek,30/11/1848,,-0.23237885462555066
463,,mr. G. Kniphorst,Assen,30/11/1848,,-0.2391304347826087
464,,mr. P.W.A. Grevelink,Assen,30/11/1848,10229.13,-0.2572463768115942
465,,mr. J. Tonckens,Assen,30/11/1848,,-0.2572463768115942
466,,mr. C. Hiddingh,Assen,30/11/1848,,-0.2608695652173913
467,,jhr.mr. H.J.L. van der Wijck,Assen,30/11/1848,260213.56,-0.2777777777777778
468,,A. van der Vlies,Hoogeveen,26/12/1848,,-0.29853181076672103
469,,I. Collaes,Sittard,14/06/1849,,-0.21348314606741572
470,,C. Reynen,Sittard,14/06/1849,,-0.2209737827715356
471,,mr. W. Sassen,Sittard,14/06/1849,,-0.2696629213483146
472,,R.J.N. Walter,Grave,30/11/1848,,-0.22280471821756226
473,,K.P. Feringa,Zuidhorn,15/06/1886,,-0.26279527559055116
474,,mr. J.J. Cremers,Groningen,04/12/1866,,-0.28874388254486133
475,,K. Venema,Winschoten,18/07/1864,,-0.280561122244489
476,,mr. H. Vos,Assen,31/05/1853,,-0.23468426013195098
477,,dr. P.J. Costerus,Sneek,27/08/1850,,-0.1257234726688103
478,,mr. W. van Nauta Lemke,Sneek,14/06/1864,,-0.2196639701306783
479,,C.J. de Bordes,Sneek,13/06/1871,3138.75,-0.2654698242933537
480,,A. Brummelkamp sr.,Dokkum,12/06/1877,23507.11,-0.20660694288913775
481,,mr. J.A.G. de Vos van Steenwijk,Steenwijk,20/02/1851,,-0.20496083550913838
482,,J. Zeehuizen,Steenwijk,12/06/1860,,-0.25486725663716814
483,,J. Meesters,Steenwijk,14/06/1864,,-0.27169811320754716
484,,mr. A. de Pinto,Zwolle,27/08/1850,,-0.13150250858199103
485,,jhr.mr. F. van Hogendorp,Zwolle,08/06/1858,,-0.281767955801105
486,,mr. W.G. Hovy,Zwolle,09/04/1861,420498.12,-0.22937625754527163
487,,mr. W.G. Hovy,Zwolle,10/06/1862,420498.12,-0.24152542372881355
488,,jhr.mr. P.J. Teding van Berkhout,Deventer,30/10/1866,,-0.1317365269461078
489,,J.A. van de Velde,Deventer,30/10/1866,,-0.13720385316323874
490,,E. baron van Lynden,Deventer,22/01/1868,,-0.1066447908121411
491,,mr. C.P. Henny,Arnhem,02/05/1865,261152.34,-0.20414776409591703
492,,mr. W.C.C. Sassen jr.,Nijmegen,10/06/1862,,-0.21189773844641102
493,,mr. A. Schouten,Nijmegen,10/06/1862,,-0.2106299212598425
494,,D.C. Steyn ParvÃÂ©,Tiel,09/11/1852,,
495,,jhr. P.A. Reuchlin,Tiel,09/11/1852,,-0.25957446808510637
496,,mr. A.G.J. baron van Taets van Amerongen,Amersfoort,24/04/1860,,-0.27184466019417475
497,,jhr.mr. J.E. Huydecoper van Nigtevecht,Amersfoort,20/07/1886,,-0.23663208300079808
498,,jhr.mr. P.A.M. van Oosthuijse van Rijckevorsel van Rijsenburg,Utrecht,17/05/1853,,-0.10967741935483871
499,,mr. S.J. van Geuns,Utrecht,30/10/1866,,-0.11279229711141678
500,,mr. W.R. baron van Tuyll van Serooskerke,Utrecht,30/10/1866,560405.41,-0.12150389729481889
501,,jhr.mr. J.H. Hora Siccama,Utrecht,28/10/1884,,-0.11862814188395583
502,,A.L. van Tienen,Hilversum,26/02/1878,,-0.2898997686969931
503,,jhr.mr. J.E. Huydecoper van Nigtevecht,Hilversum,28/10/1884,,-0.24567901234567902
504,,C.J. Hacke van Mijnden,Hilversum,15/06/1886,,-0.2009273570324575
505,,C.J. Hacke van Mijnden,Hilversum,01/09/1887,,-0.29215686274509806
506,,P. Bruining,Amsterdam III,30/11/1848,,-0.2596685082872928
507,,P.C. GÃÂ¼lcher,Amsterdam IV,14/12/1848,,
508,,J.D. Kruseman,Hoorn,20/04/1852,,-0.256394640682095
509,,S. de Vries,Hoorn,20/04/1852,,-0.26492082825822166
510,,H. Koomen,Hoorn,30/07/1858,,-0.2507163323782235
511,,H. Raat,Hoorn,14/06/1864,,-0.21361702127659574
512,,mr. D. Visser,Hoorn,14/06/1864,,-0.21617021276595744
513,,mr. J. de Neufville,Hoorn,14/06/1864,,-0.2221276595744681
514,,mr. L.F.C. Gasinjet,Hoorn,14/06/1864,,-0.24085106382978724
515,,A. van Lennep,Haarlem,08/06/1869,,-0.21120689655172414
516,,dr. C.G. von Reeken,Haarlem,10/06/1879,,-0.2677551020408163
517,,M.W. van der Aa,Haarlem,28/10/1884,,-0.10826281732205077
518,,M.W. van der Aa,Haarlem,15/06/1886,,-0.142604466062348
519,,dr. E.C. BÃÂ¼chner,Amsterdam,27/08/1850,,
520,,mr. H.J. Koenen,Amsterdam,17/05/1853,,-0.04100517870786994
521,,D.A. van Heemskerk Veeckens,Amsterdam,03/11/1864,,-0.2674271229404309
522,,G.C.C. Pels Rijcken,Amsterdam,08/06/1869,,-0.08340365682137835
523,,H.A. Hartogh,Amsterdam,08/06/1869,,-0.08987341772151898
524,,A.J.H. van der Toorn,Amsterdam,10/06/1873,,-0.09838187702265372
525,,mr. J.P. Amersfoordt,Haarlemmermeer,08/06/1869,,-0.26496674057649666
526,,mr. A. Jongkindt Coninck,Leiden,18/08/1857,,-0.2656875834445928
527,,mr. D.T. Siegenbeek,Leiden,14/06/1864,,-0.20238095238095238
528,,D. Hartevelt,Leiden,28/10/1884,,-0.1383937932480604
529,,mr. P.F. Hubrecht,Gouda,10/06/1862,,-0.2588171459576777
530,,mr. W. Thorbecke,Gouda,12/06/1883,,-0.24415094339622642
531,,mr. W. Thorbecke,Gouda,30/10/1883,,-0.2597457627118644
532,,mr. A.M. de Rouville,Delft,17/05/1853,,-0.10522565320665084
533,,W. von Wrangel auf Lindenberg,Delft,08/06/1875,,-0.24596615505706415
534,,W. von Wrangel auf Lindenberg,Delft,12/06/1877,,-0.24534833405452186
535,,F. s' Jacob,Rotterdam,22/01/1868,,-0.07329767240133006
536,,J. Voorhoeve H Czn.,Rotterdam,24/08/1880,,-0.2591221575885775
537,,J.G. van den Bergh,Rotterdam,14/06/1881,,-0.23839009287925697
538,,E. van der Oudermeulen,Den Haag,27/08/1850,,-0.1305690339655933
539,,jhr.mr. J.K.W. Quarles van Ufford,Den Haag,14/06/1881,,-0.23131392604248624
540,,mr. J.G. Kist,Dordrecht,27/12/1859,,-0.2405857740585774
541,,G.H. Veth,Dordrecht,22/04/1879,,-0.24262607040913417
542,,mr. I. Capadose,Gorinchem,30/10/1866,,-0.1431389741341517
543,,mr. J.H. s' Jacob,Gorinchem,12/06/1877,,-0.29772079772079774
544,,C. van Andel,Gorinchem,15/06/1886,,-0.1452425960932577
545,,mr. C.P. Lenshoek,Goes,13/06/1871,,-0.2947462154942119
546,,mr. J.E. van den Broek,Zierikzee,12/02/1863,,-0.23754448398576514
547,,mr. D. van Weel,Zierikzee,12/02/1863,,-0.2526690391459075
548,,mr. P.J. Verduijn,Breda,25/02/1862,,-0.20127326150832517
549,,A.A.A. Barning,Tilburg,08/06/1852,,-0.22195121951219512
550,,mr. J.J. Loke,Tilburg,17/05/1853,,-0.1388087116242456
551,,mr. J.D.W. Pape,Tilburg,17/05/1853,,-0.14904224612962477
552,,B.H.M. Hanlo,Tilburg,30/10/1866,,-0.1039680780314786
553,,mr. D.H. van den Acker,Eindhoven,25/09/1877,,-0.25756336876533115
554,,mr. L. Wenmaekers,Maastricht,03/04/1855,,-0.272145144076841
555,,E. Sassen,Maastricht,03/04/1855,,-0.272145144076841
556,,mr. L. Wenmaekers,Maastricht,17/04/1855,,-0.29607250755287007
557,,jhr.mr. E. Kerens van Wolfrath,Maastricht,17/07/1856,,-0.21516900247320692
558,,K.H.L. Bontamps,Roermond,27/08/1850,,-0.12849162011173185
559,,jhr.mr. L.F.H. Michiels van Kessenich,Roermond,10/06/1873,,-0.2897959183673469
560,,mr. C.J. van Heusden,Den Bosch,27/08/1850,,-0.12355415352260778
561,,L.H. Rouppe van der Voort,Den Bosch,27/08/1850,,-0.12592008412197686
562,,mr. A.A. Heeren,Den Bosch,27/08/1850,,-0.12802313354363828
563,,mr. W.C. van Heurn,Den Bosch,27/08/1850,,-0.13038906414300735
564,,mr. N.F.C.J. Sassen,Den Bosch,27/08/1850,,-0.14353312302839116
565,,mr. J.D.W. Pape,Den Bosch,27/08/1850,,-0.14458464773922186
566,,L.D. van Heyst,Den Bosch,27/08/1850,,-0.14511041009463724
567,,mr. H. Sassen,Den Bosch,11/10/1859,,-0.2478031634446397
568,,J.A. Nieuwenhuis,Groningen,06/03/1888,,-0.142814549791294
569,,dr. J.H. Smit,Zuidhorn,06/03/1888,,-0.29695885509839
570,,D. de Clercq,Leeuwarden,09/06/1891,,-0.2978376172990616
571,,J.C. van den Berg,Schoterland,09/06/1891,,-0.20285969615728328
572,,mr. D.R.B. baron van Lynden,Arnhem,09/06/1891,,-0.20184376516254246
573,,C.J. van Eeghen,Ede,10/04/1894,,-0.20660723649711588
574,,mr. H.J.H. baron van Boetzelaer van Oosterhout,Amersfoort,27/03/1888,,-0.23683083511777303
575,,J.D. van de Velde,Apeldoorn,06/03/1888,,-0.29357056207035986
576,,M.J. Chevallier,Apeldoorn,10/04/1894,,-0.28276573787409703
577,,M. van Waart,Breukelen,10/04/1894,,-0.2098639455782313
578,,P.C.F. Frowein,Den Helder,30/10/1894,,-0.2053388090349076
579,,J.G. van den Bosch,Den Helder,30/10/1894,,-0.2397330595482546
580,,J. Korver,Den Helder,30/10/1894,,-0.24794661190965092
581,,J.C. van Schermbeek,Amsterdam,06/03/1888,,-0.03184567971692729
582,,dr. J.M. Smit,Amsterdam,06/03/1888,,-0.032666076931857094
583,,mr. E.P.F.A. van den Bogaert,Amsterdam,10/04/1894,,-0.02515362856028092
584,,mr. H.L. Lindaal Jacobs,Amsterdam,10/04/1894,,-0.02627536090518923
585,,mr. P.N. Engelberts,Beverwijk,09/06/1891,,-0.23994638069705093
586,,A.N. de Lint,Delft,10/04/1894,,-0.20950118764845604
587,,mr. W.M.H. Boers,Delft,18/05/1894,,-0.2341932220536166
588,,mr. P.N. Engelberts,Schiedam,09/06/1891,,-0.23137598597721298
589,,J.M. Voorhoeve,Rotterdam,06/03/1888,,-0.05303639077029044
590,,mr. J.C.M.F.H. Maschek,Rotterdam,06/03/1888,,-0.05391650403704129
591,,mr. F.N. Sickenga,Dordrecht,10/04/1894,,-0.2662280701754386
592,,D. Stigter,Goes,09/01/1894,,-0.2712318286151492
593,,D. Stigter,Goes,10/04/1894,,-0.2141982864137087
594,,D. Stigter,Goes,24/04/1894,,-0.2733788395904437
595,,C.J. Huvers,Hontenisse,10/04/1894,,-0.23794081880826914
596,,G. Berkers,Sittard,06/03/1888,,-0.2465423932651834
597,,J. Bosch,Amsterdam I,15/06/1897,,-0.21631333093783686
598,,A.L. van Hasselt,Amsterdam I,15/06/1897,,-0.21703197987782968
599,,C.H. Kouw,Amsterdam I,15/06/1897,,-0.21990657563780094
600,,F. van der Goes,Amsterdam III,15/06/1897,,-0.26664280601288476
601,,H.P.C.W.H.J.B. van Son,Amsterdam V,15/06/1897,,-0.22936824132043254
602,,dr. P.J.H. Cuypers,Amsterdam VI,15/06/1897,,-0.2215492508766337
603,,H.P.C.W.H.J.B. van Son,Amsterdam VII,15/06/1897,,-0.2562189054726368
604,,J. Schoonbeek,Appingedam,15/06/1897,,-0.22711803689772525
605,,J. Doornbosch,Appingedam,15/06/1897,,-0.26992656277986743
606,,J.W. Koer,Deventer,15/06/1897,,-0.2959097794984009
607,,mr. D.H. van den Acker,Eindhoven,16/11/1898,,-0.20041753653444677
608,,mr. G.C. Everwijn Lange,Haarlemmermeer,15/06/1897,,-0.20596840257460503
609,,J. Baron,Hilversum,15/06/1897,,-0.2652479892761394
610,,B. Cuperus,Kampen,15/06/1897,,-0.24349442379182157
611,,jhr. M. van den Brandeler,Katwijk,15/06/1897,,-0.26020602823349864
612,,G.J. ten Cate,Lochem,15/06/1897,,-0.2211847543242002
613,,G. van Herwaarden,Loosduinen,15/06/1897,,-0.24477410654079568
614,,T. Tromp,Rotterdam I,15/06/1897,,-0.20857034508911643
615,,mr. J.G. van der Hoop,Steenwijk,15/06/1897,,-0.20501474926253688
616,,R. Boonstra,Zuidhorn,15/06/1897,,-0.2292714942025815
617,,mr. C. baron van Vos van Steenwijk,Zwolle,15/06/1897,,-0.272669220945083
618,,F. Mol,Gouda,14/06/1901,,-0.27071709030791485
619,,G.J.C.A. Pop,Den Haag III,14/06/1901,,-0.24338040600176522
620,,J. Pattist,Loosduinen,14/06/1901,,-0.2032823573293547
621,,mr. W.C. Bosman,Alkmaar,14/06/1901,,-0.26887330833197454
622,,H.H. Wollring,Amsterdam II,14/06/1901,,-0.24546065904505715
623,,F. Mol,Amsterdam II,14/06/1901,,-0.28379287155346333
624,,A.C. Bleys,Amsterdam III,14/06/1901,,-0.2891821824181004
625,,P.W. Sutorius,Amsterdam V,14/06/1901,,-0.20726733407489803
626,,F.U. Schmidt,Amsterdam VIII,14/06/1901,,-0.25904562139486104
627,,J.H. Wentholt,Haarlemmermeer,14/06/1901,,-0.2882361667408396
628,,J.H. Feringa,Zaandam,14/06/1901,,-0.27443837279902855
629,,dr. W.P. Ruijsch,Breukelen,14/06/1901,,-0.2158753709198813
630,,J.P. Engelman,Schoterland,14/06/1901,,-0.21095890410958903
631,,E. Brader Bz.,Winschoten,14/06/1901,,-0.2655163533350502
632,,H. Bos Kz.,Assen,04/10/1904,,-0.2789906436064644
633,,mr. A.R. Zimmerman,Delft,16/06/1905,,-0.22627980656995164
634,,D. Schut,Amsterdam I,16/06/1905,,-0.22613202400436444
635,,mr. J. baron van Aulnis de Bourouill,Groningen,16/06/1905,,-0.26884844777488914
636,,H.J. de Groot,Den Haag III,11/06/1909,,-0.23503937007874015
637,,W.H. van Bilderbeek,Ridderkerk,11/06/1909,,-0.24976946383875642
638,,F.W.J.G. Snijder van Wissenkerke,Sliedrecht,11/06/1909,,-0.20979899497487436
639,,N. Bosboom,Amsterdam V,11/06/1909,,-0.25156748432515674
640,,K. de Vries Szn.,Dokkum,11/06/1909,,-0.21838724655626063
641,,A. Rauwerda,Franeker,11/06/1909,,-0.23048922539312755
642,,N.J. Bosch,Kampen,11/06/1909,,-0.2106501912327155
643,,H.J. Kenter,Winschoten,11/06/1909,,-0.23976331360946745
644,,jhr. L.A.S.J. de Milly van Heiden Reinestein,Assen,11/06/1909,,-0.20200867381876284
645,,H. Bos Kz.,Assen,11/06/1909,,-0.2134215932435517
646,,F.L.S.F. baron van Tuyl van Serooskerken van Zuylen,Breukelen,22/09/1909,,-0.24173940149625936
647,,H.T. s' Jacob,Hilversum,01/02/1912,,-0.22267743101578502
648,,W. Fransen Jzn.,Leeuwarden,17/06/1913,,-0.2551895587321318
649,,E. Deen,Den Haag I,17/06/1913,,-0.27237755676487146
650,,mr. T.B. Pleijte,Amsterdam IX,17/06/1913,,-0.25957203994293865
651,,J. Korthals Altes,Haarlemmermeer,17/06/1913,,-0.24721787156870828
652,,C.J. van der Hegge Spies,Den Helder,17/06/1913,,-0.22060027285129605
653,,J. Welleman,Hontenisse,17/06/1913,,-0.20373629348856098
654,,A. van der Heide,Utrecht I,17/06/1913,,-0.24304372515616127
655,,W.J.C. van Santen,Franeker,17/06/1913,,-0.20098982678031344
656,,J.H. Anema,Harlingen,17/06/1913,,-0.276225249262744
657,,mr.dr. A.D.H. Fockema Andreae,Harlingen,17/06/1913,,-0.28128071900014046
658,,J.H. Faber,Tietjerksteradeel,17/06/1913,,-0.23811912225705328
659,,mr. E.J. Thomassen Ã Thuessink van der Hoop van Slochteren,Appingedam,17/06/1913,,
660,,A. van der Heide,Assen,17/06/1913,,-0.24488743770407287
661,,J.T. Verheggen,Roermond,17/06/1913,,-0.2088193002077009
662,,A.H. Gijzels,Sittard,17/06/1913,,-0.27986492190797807
663,,C.J. Kuiper,Amsterdam III,04/11/1913,,-0.26463560334528075
664,,A.P.H.K.J. Kellenaers,Weert,27/04/1916,,-0.23596912163571876
665,,jhr. J. Beelaerts van Blokland,Tiel,08/12/1916,,-0.2164705882352941
666,,S.W. de Clercq,Haarlemmermeer,02/12/1916,,-0.23892118555227296
667,,dr. J. Schrijver,Amsterdam V,15/06/1917,,-0.2291783905458638
668,,dr. F. van Eeden,Amsterdam VIII,15/06/1917,,-0.2775347912524851
